zi,part
㐬,云
㐬,川
㐱,人
㐱,彡
㑗,人
㑗,身
㑞,人
㑥,人
㑥,易
㑮,人
㑵,人
㑾,人
㒄,人
㒤,人
㒸,八
㒸,豕
㓃,冂
㓝,井
㓝,刀
㓝,刂
㓞,丰
㓞,刀
㓠,刀
㓠,占
㓡,刀
㓡,缶
㓵,刀
㓷,刀
㓼,刀
㔎,刀
㔣,力
㔴,匚
㔶,匚
㔷,丙
㔷,匸
㔹,力
㔹,十
㕆,厂
㕆,古
㕇,厂
㕇,立
㕊,厂
㕊,甫
㕋,厂
㕋,金
㕒,厂
㕗,厶
㕡,谷
㕣,八
㕣,口
㕣,水
㕧,口
㕧,尸
㕯,内
㕯,口
㗊,口
㗋,口
㗘,口
㗬,尚
㗱,口
㘈,口
㘙,口
㘝,又
㘝,囗
㘣,囗
㘣,肙
㙙,土
㙙,水
㙠,土
㙤,土
㙩,土
㙪,土
㙷,土
㚃,凶
㚇,夊
㚔,大
㚕,大
㚖,白
㚤,女
㚤,弋
㚩,女
㚲,占
㚲,女
㛂,女
㛄,女
㛄,衣
㛅,女
㛅,耳
㛆,女
㛍,女
㛗,女
㛥,女
㛪,女
㛮,女
㛴,女
㛼,女
㜅,女
㜇,女
㜎,女
㜗,女
㜘,女
㜝,女
㜣,女
㜤,女
㜮,女
㜺,女
㝃,子
㝅,士
㝅,子
㝅,殳
㝌,久
㝌,宀
㝗,宀
㝗,良
㝣,宀
㝩,宀
㝮,宀
㝱,宀
㝱,疒
㝵,一
㝵,寸
㝵,日
㝼,于
㝿,皮
㞏,尸
㞓,尸
㞕,尸
㞚,尸
㞟,尸
㞣,分
㞣,屮
㞥,入
㞥,山
㞦,几
㞦,山
㠀,山
㠱,其
㠱,己
㠲,匕
㠲,巾
㠴,刃
㠴,巾
㠷,及
㠷,巾
㠾,巾
㡄,巾
㡆,巾
㡇,巾
㡉,巾
㡏,巾
㡐,巾
㡒,巾
㡓,巾
㡔,巾
㡘,兼
㡘,巾
㡜,巾
㡨,巾
㡹,且
㡹,广
㡿,屰
㡿,广
㢈,广
㢈,隹
㢉,广
㢋,广
㢚,广
㢟,廴
㢟,止
㣇,彑
㣇,豕
㣎,小
㣎,彡
㣎,白
㣙,彳
㣙,由
㣤,彳
㣫,彳
㣻,乂
㣻,心
㤁,天
㤁,心
㤄,心
㤅,心
㤥,心
㤨,共
㤨,心
㤮,心
㤲,心
㥆,心
㥆,隶
㥋,心
㥏,心
㥒,心
㥛,心
㥝,心
㥞,心
㥟,心
㥠,心
㥥,心
㥦,心
㥯,心
㥴,心
㦁,心
㦌,心
㦚,心
㦛,心
㦣,心
㧊,手
㧗,手
㧘,手
㧢,手
㧬,手
㧺,手
㨐,手
㨔,咸
㨔,手
㨖,手
㨜,手
㨡,手
㨷,手
㩃,手
㩅,手
㩜,手
㩴,手
㩻,支
㪉,合
㪉,攵
㪏,攵
㪒,攵
㪔,攵
㪙,攵
㪤,攵
㪵,半
㪵,斗
㪺,斗
㪻,斗
㬥,米
㬫,日
㬮,日
㬰,乙
㬰,申
㭁,乃
㭁,木
㭂,小
㭂,木
㭒,木
㭔,乎
㭔,木
㭕,去
㭕,木
㭘,合
㭘,木
㭩,木
㮂,木
㮐,木
㮓,木
㮘,木
㮝,木
㮞,木
㮨,木
㮩,木
㮯,木
㮰,木
㮿,木
㯉,木
㯕,木
㯡,包
㯳,木
㯷,木
㰋,木
㰍,木
㰘,木
㰣,欠
㰮,欠
㰮,辰
㰲,或
㰲,欠
㰶,欠
㱂,欠
㱃,欠
㱇,欠
㱍,欠
㱙,歹
㱠,古
㱠,歹
㱦,歹
㱪,歹
㱯,歹
㱳,歹
㱻,歹
㱽,殳
㱾,殳
㱿,殳
㲃,匕
㲃,殳
㲃,白
㲦,人
㲦,十
㲦,日
㲦,毛
㲪,毛
㲳,失
㲻,人
㲻,水
㲽,刃
㲽,水
㳄,欠
㳄,水
㳄,氵
㳶,水
㳷,水
㳻,水
㴲,水
㴶,水
㵋,水
㵞,水
㵣,欠
㵺,水
㵾,水
㶄,水
㶇,水
㶕,水
㶛,水
㶟,水
㶣,干
㶣,火
㶳,火
㶳,聿
㶴,火
㷭,火
㷮,火
㷳,火
㸚,乂
㸬,牜
㸹,牜
㹁,牜
㹂,牛
㹂,牜
㹃,牛
㹃,牜
㹃,非
㹊,牜
㹌,牜
㹔,牜
㹔,畺
㹗,牜
㹛,牜
㹞,斤
㹞,犭
㹤,去
㹤,犭
㹥,犭
㹽,犭
㺉,士
㺉,殳
㺉,犬
㺉,犭
㺌,兼
㺌,犭
㺑,犭
㺒,犭
㺕,犭
㺖,犭
㺜,犭
㺨,厶
㺨,玉
㺿,玉
㻃,曲
㻃,玉
㻝,玉
㻸,玉
㼎,交
㼎,瓜
㼝,瓦
㼰,瓦
㼱,北
㼱,皮
㼲,瓦
㼸,瓦
㼽,瓦
㽕,由
㽘,亢
㽘,田
㽥,田
㽨,田
㽱,疒
㽺,及
㽺,疒
㽽,古
㽽,疒
㽾,出
㽾,疒
㾁,术
㾁,疒
㾅,疒
㾈,疒
㾓,疒
㾕,疒
㾕,辛
㾜,疒
㾫,疒
㾺,疒
㿄,疒
㿛,疒
㿥,白
㿾,宁
㿾,皿
䀁,皿
䀇,古
䀇,皿
䀇,缶
䀊,皿
䀗,目
䀛,勿
䀛,目
䀣,必
䀣,目
䀩,各
䀩,目
䀶,目
䀶,良
䀹,目
䀺,目
䁂,目
䁊,目
䁍,咸
䁍,目
䁔,目
䁙,目
䁲,目
䁴,目
䂇,丑
䂇,矛
䂬,石
䂹,石
䂿,石
䃍,石
䃒,石
䃒,鬲
䃺,石
䃾,比
䃾,礻
䄆,礻
䄏,礻
䄟,示
䄟,礻
䄪,勺
䄪,禾
䄷,石
䄷,禾
䅁,禾
䅌,禾
䅌,肙
䅓,又
䅓,句
䅓,禾
䅘,禾
䅣,禾
䅥,禾
䅩,只
䅩,支
䅭,禾
䅵,禾
䆃,禾
䆅,禾
䆏,禾
䆘,甲
䆘,穴
䆞,穴
䆢,穴
䆯,女
䆷,穴
䇎,立
䇏,立
䇐,立
䇐,隶
䇑,立
䇔,立
䇨,竹
䇫,竹
䇬,竹
䈎,竹
䈕,竹
䈚,竹
䈞,竹
䈰,竹
䈵,竹
䉃,竹
䉛,竹
䉠,竹
䉧,竹
䉴,竹
䉷,竹
䉺,工
䉺,米
䉾,北
䉾,米
䊎,米
䊝,米
䊤,米
䊪,米
䊮,米
䊳,米
䋀,戶
䋀,户
䋀,糸
䋀,纟
䋈,糸
䋈,纟
䋉,穴
䋉,纟
䋊,正
䋊,纟
䋎,旦
䋎,纟
䋐,纟
䋛,米
䋛,纟
䋢,糸
䋢,纟
䋣,糸
䋣,纟
䋤,勺
䋨,纟
䋫,纟
䋭,纟
䋰,糸
䋰,纟
䋼,纟
䋽,纟
䌖,纟
䌳,纟
䌴,纟
䍃,爫
䍃,缶
䍄,占
䍄,缶
䍇,缶
䍌,缶
䍍,士
䍍,殳
䍍,缶
䍎,缶
䍑,干
䍑,罒
䍖,包
䍖,罒
䍘,米
䍘,罒
䍙,罒
䍡,罒
䍡,鹿
䍮,羊
䍴,羊
䍿,王
䍿,羽
䎠,丸
䎠,而
䎳,月
䎳,耳
䏁,耳
䏌,八
䏌,肉
䏔,丑
䏔,肉
䏖,肉
䏙,肉
䏟,必
䏟,肉
䏣,且
䏣,肉
䏰,肉
䐄,肉
䐑,肉
䐜,肉
䐝,肉
䐞,肉
䐣,肉
䐹,肉
䑋,肉
䑣,彡
䑣,舟
䒗,气
䒗,艹
䒨,矢
䒸,血
䒼,曲
䖊,乂
䖐,斤
䖒,虍
䖒,豆
䖔,去
䖜,曰
䖦,出
䖦,虫
䖯,虫
䖵,虫
䗇,虫
䗐,虫
䗥,虫
䘓,血
䘰,衣
䘳,衣
䘳,金
䙔,衣
䙝,衣
䙟,衣
䙵,西
䙷,寸
䙾,它
䚗,公
䚗,角
䚙,角
䚡,角
䚦,角
䚨,角
䚫,角
䚭,角
䚮,乃
䚮,讠
䛆,由
䛆,讠
䛩,讠
䛬,匋
䛬,讠
䜋,讠
䜌,糸
䜌,言
䜕,讠
䜚,讠
䜭,谷
䝐,豕
䝪,疋
䞓,坙
䞓,赤
䞗,才
䞗,走
䞘,气
䞘,走
䞚,支
䞚,走
䞥,走
䞨,走
䞪,走
䞭,走
䞳,走
䞾,走
䟂,走
䟆,走
䟇,走
䟈,走
䟉,走
䟏,走
䟑,走
䟑,龠
䟒,走
䟔,卜
䟔,足
䟗,氏
䟗,足
䟠,足
䟴,足
䟴,辰
䟸,足
䟺,足
䠅,足
䠊,足
䠊,非
䠍,足
䠛,足
䠟,足
䠧,足
䠶,矢
䠶,身
䡅,川
䡅,车
䡇,元
䡇,车
䡈,爻
䡈,车
䡊,车
䡓,行
䡓,车
䡔,车
䡝,车
䡞,车
䡣,车
䡩,车
䡬,车
䡰,车
䡴,车
䢃,乂
䢅,辰
䢈,辰
䢉,囟
䢋,辶
䢌,辶
䢐,且
䢐,辶
䢑,辶
䢒,交
䢒,辶
䢔,合
䢔,辶
䢙,辶
䢦,辶
䢭,辶
䢱,辶
䢳,几
䢳,阝
䢸,且
䢸,阝
䢻,臣
䢻,阝
䣁,羽
䣁,阝
䣂,耒
䣂,阝
䣄,阝
䣇,阝
䣍,阝
䣕,阝
䣙,阝
䣚,阝
䣛,阝
䣜,阝
䣝,阝
䣡,阝
䣢,阝
䣧,弋
䣧,酉
䣪,酉
䣱,句
䣱,酉
䣺,肙
䣺,酉
䣼,酉
䤁,酉
䤅,酉
䤉,酉
䤊,酉
䤎,酉
䤐,酉
䤘,酉
䤥,钅
䥏,钅
䥙,钅
䥝,钅
䥯,钅
䥵,钅
䦏,介
䦺,丁
䦺,阝
䧇,衣
䧇,阝
䧊,阝
䧖,阝
䧘,阝
䧢,阝
䧦,阝
䧰,阝
䧴,支
䧴,隹
䨄,隹
䨒,羽
䨒,雨
䨞,雨
䨣,雨
䨣,革
䨮,雨
䨳,雨
䨴,雨
䨷,雨
䨽,己
䨽,非
䩁,非
䩉,甫
䩉,面
䩒,于
䩒,革
䩕,革
䩛,必
䩛,革
䩞,占
䩞,革
䩡,革
䩤,革
䩪,革
䩯,革
䩵,革
䩶,革
䩸,革
䪎,革
䪤,韭
䪥,韭
䪳,页
䪴,页
䪼,出
䪼,页
䪾,页
䫌,页
䫏,其
䫏,页
䫒,页
䫔,页
䫞,页
䫟,页
䫡,兼
䫡,页
䫥,页
䫥,鬼
䫰,页
䫶,页
䫻,日
䬯,占
䬯,饣
䬴,末
䬴,饣
䬼,肙
䬼,饣
䬽,饣
䭑,兼
䭑,饣
䭓,饣
䭡,饣
䭹,马
䭿,失
䭿,马
䮔,马
䮗,马
䮤,马
䮧,马
䯂,木
䯉,欠
䯉,骨
䯏,舌
䯏,骨
䯜,易
䯜,骨
䯣,骨
䯤,骨
䯰,介
䯰,髟
䯸,髟
䯽,髟
䯾,髟
䰁,髟
䰉,髟
䰍,髟
䰎,髟
䰐,髟
䰓,髟
䰕,髟
䰘,鬥
䰙,支
䰙,鬲
䰝,鬲
䰞,者
䰠,申
䰠,鬼
䰡,失
䰡,鬼
䰧,鬼
䰰,鬼
䰼,今
䰼,鱼
䰽,鱼
䱂,鱼
䱏,豆
䱏,鱼
䱡,鱼
䱤,鱼
䱬,鱼
䱭,鱼
䱵,鱼
䱾,鱼
䲐,鱼
䲔,畺
䲔,鱼
䲚,鱼
䲱,方
䲱,鸟
䲸,介
䲸,鸟
䳀,失
䳀,鸟
䳁,鸟
䳇,母
䳇,鸟
䳔,臼
䳔,鸟
䳘,鸟
䳳,鸟
䳼,鸟
䴌,鸟
䴎,鸟
䴭,才
䴳,穴
䵈,麻
䵒,日
䵒,黍
䵗,畐
䵗,黍
䵣,旦
䵣,黑
䵤,黑
䵮,黑
䵳,黑
䵵,黑
䵶,句
䶀,合
䶀,鼓
䶂,勺
䶂,鼠
䶃,今
䶃,鼠
䶄,平
䶄,鼠
䶅,各
䶅,鼠
䶒,女
䶙,巨
䶙,齿
䶢,咸
䶢,齿
䶣,齿
䶤,骨
䶤,齿
䶥,齿
䶦,齿
䶴,龠
䶵,龠
丈,一
丈,乂
三,一
下,一
下,卜
丕,一
丕,不
丙,一
丙,内
丛,一
丝,一
丝,纟
丞,卩
丞,山
丢,丿
丢,去
严,丿
个,丨
个,人
丰,三
丰,丨
串,丨
串,口
丸,丶
丸,九
为,丶
为,力
举,丨
举,二
乂,丿
乂,乀
么,丿
么,厶
义,丶
义,乂
乏,丿
乏,之
乒,丘
乒,丿
乓,丘
乓,丶
乖,北
乖,千
乘,北
乘,禾
九,丿
九,乙
乞,一
乞,丿
乞,乙
乡,丿
买,头
乱,乚
乱,舌
乳,乙
乳,孚
乾,乞
乾,十
乾,日
事,一
事,口
亏,一
云,二
云,厶
亘,一
亘,日
亚,一
亚,业
些,二
亟,一
亟,了
亟,又
亟,口
亡,丶
亡,匸
亢,亠
亢,几
交,亠
交,父
亦,亠
产,丿
产,立
亨,了
亨,亠
亨,口
亩,亠
亩,田
享,亠
享,口
享,子
京,亠
京,口
京,小
亭,丁
亭,冖
亮,冖
亮,几
亲,木
亲,立
亶,亠
亶,旦
亾,入
亿,乙
亿,亻
什,亻
什,十
仁,二
仁,亻
仅,亻
仅,又
仆,亻
仆,卜
仇,九
仇,亻
今,丶
今,乛
今,人
介,人
介,八
仍,乃
仍,亻
从,人
仑,人
仑,匕
仓,㔾
仓,人
仔,亻
仔,子
仕,亻
仕,士
他,亻
仗,丈
仗,亻
付,亻
付,寸
仙,亻
仙,山
仚,亻
仚,山
仜,人
仜,工
仝,入
仝,工
仞,亻
仞,刃
仡,亻
仡,气
仢,人
仢,勺
代,亻
代,弋
仪,义
仪,亻
们,亻
们,门
仰,亻
仲,中
仲,亻
仳,亻
仳,比
件,亻
件,牛
价,亻
价,介
任,亻
份,亻
份,分
仿,亻
仿,方
伀,亻
伀,公
企,人
企,止
伃,人
伉,亢
伉,亻
伊,亻
伋,亻
伋,及
伍,五
伍,亻
伎,亻
伎,支
伏,亻
伏,犬
伐,亻
伐,戈
休,亻
休,木
众,人
优,亻
优,尤
伙,亻
伙,火
会,云
会,人
伟,亻
伟,韦
传,专
传,亻
伤,亻
伤,力
伦,亻
伪,为
伪,亻
伯,亻
伯,白
估,亻
估,古
伴,亻
伴,半
伶,亻
伶,令
伸,亻
伸,申
伹,且
伹,亻
伺,亻
似,亻
似,以
伾,亻
伿,人
伿,只
佀,人
佁,人
佁,台
佃,亻
佃,田
但,亻
但,旦
佇,人
佇,宁
佋,人
位,亻
位,立
低,亻
住,亻
佑,亻
体,亻
体,本
何,亻
何,可
佖,人
佖,必
佗,亻
佗,它
余,于
余,人
余,八
佚,亻
佚,失
佛,亻
作,乍
作,亻
佝,亻
佝,句
你,亻
佣,亻
佣,用
佩,亻
佩,几
佩,巾
佮,人
佮,合
佳,亻
佴,亻
佴,耳
併,人
併,并
佶,亻
佶,吉
佸,亻
佺,亻
佻,亻
佼,交
佼,亻
佽,亻
佾,亻
使,亻
侁,亻
侂,亻
侄,亻
侄,至
侅,亻
侈,亻
侉,亻
侊,人
例,亻
侍,亻
侍,寺
侐,亻
侐,血
侒,人
侔,亻
侗,亻
侙,人
侙,式
侚,亻
供,亻
供,共
侜,亻
侜,舟
依,亻
依,衣
侠,亻
侣,亻
侣,吕
侥,亻
侥,尧
侦,亻
侧,亻
侨,亻
侮,亻
侯,亻
侯,矢
侲,人
侲,辰
侳,人
侵,亻
侵,冖
侵,又
侵,彐
侶,人
侸,人
侸,豆
侹,亻
便,亻
俁,人
係,人
促,亻
促,足
俄,亻
俅,亻
俆,人
俇,人
俊,亻
俌,人
俌,甫
俏,亻
俐,亻
俑,亻
俒,人
俔,人
俗,亻
俗,谷
俘,亻
俘,孚
俙,人
俚,亻
俚,里
俜,亻
保,亻
保,呆
俞,一
俞,人
俞,刂
俞,月
俟,亻
俠,人
信,亻
信,言
俩,亻
俭,亻
俭,佥
修,彡
俯,亻
俱,亻
俳,亻
俳,非
俴,亻
俶,亻
俺,亻
俾,亻
倀,人
倃,亻
倄,人
倅,亻
倌,亻
倍,亻
倏,犭
倒,亻
倓,亻
倔,亻
倗,人
倘,亻
倘,尚
候,矢
倚,亻
倜,亻
倝,旦
倞,亻
借,亻
倠,人
倠,隹
倡,亻
倢,亻
値,亻
倦,亻
倨,亻
倩,亻
倩,青
倪,亻
倫,人
倬,亻
倭,亻
债,亻
债,责
值,亻
倾,亻
偁,亻
偃,亻
偄,人
偆,人
假,亻
偉,人
偋,人
偎,亻
偎,畏
偏,亻
偓,亻
偕,亻
做,亻
停,亻
健,亻
偫,亻
偭,亻
偭,面
偰,亻
偲,亻
側,人
偵,人
偶,亻
偷,亻
偿,亻
傀,亻
傀,鬼
傅,亻
傆,人
傍,亻
傑,人
傓,亻
傔,亻
傔,兼
備,人
傛,人
傞,亻
储,亻
傪,人
催,亻
傭,人
傮,亻
傲,亻
傳,人
傴,人
傻,亻
傻,儿
傻,囟
傻,夂
傾,人
傿,亻
僁,人
僂,人
僄,亻
僅,人
僇,亻
僊,人
僎,亻
像,亻
僐,人
僑,人
僓,人
僔,亻
僕,人
僖,亻
僚,亻
僛,人
僞,人
僟,人
僤,人
僥,人
僧,亻
僨,人
僩,亻
僭,亻
僮,亻
僰,亻
僵,亻
僵,畺
僷,人
僻,亻
僾,亻
儀,人
儃,亻
億,人
儆,亻
儇,亻
儉,人
儋,亻
儐,人
儒,亻
儔,人
儕,人
儗,人
償,人
儠,人
儡,亻
儥,人
儦,亻
優,人
儲,人
儳,亻
儵,黑
儷,人
儹,亻
儺,人
儻,人
儼,人
儽,亻
允,儿
允,厶
元,一
兄,儿
兄,口
充,亠
充,儿
充,厶
先,丿
先,儿
先,土
克,兄
克,十
兌,儿
兑,丷
兑,兄
党,儿
党,尚
兜,儿
兜,匚
兜,白
全,人
全,王
公,八
公,厶
六,亠
六,八
兰,三
兰,丷
关,丷
关,天
兵,八
具,一
具,八
具,目
典,八
典,曲
养,介
养,羊
兽,一
兽,口
冀,北
内,人
内,冂
冈,乂
冈,冂
册,一
冏,冂
冒,目
冗,冖
冗,几
写,与
写,冖
军,车
冝,且
冝,冖
冟,冂
冠,元
冠,冖
冠,寸
冡,豕
冢,勹
冣,冂
冤,冖
冥,六
冥,冖
冥,日
冬,冫
冬,夂
冯,冫
冯,马
冰,冫
冰,水
冲,中
冲,冫
决,冫
况,兄
况,冫
冶,冫
冶,台
冷,令
冷,冫
冻,东
冻,冫
净,冫
凄,冫
准,冫
准,隹
凉,冫
凊,青
凌,冫
减,冫
减,咸
凑,冫
凛,冫
凝,冫
凤,几
凤,又
処,几
処,夂
凫,几
凫,鸟
凭,几
凯,几
凰,几
凳,几
凶,乂
凶,凵
出,山
击,山
函,凵
凿,业
凿,凵
刃,丶
刃,刀
刅,一
刅,刃
分,八
分,刀
切,七
切,刀
刉,刀
刉,气
刊,刂
刊,干
刌,刂
刌,寸
刎,刀
刎,勿
刑,刂
划,刂
划,戈
刓,元
刓,刀
刖,刀
刖,月
列,刂
列,歹
刘,刂
刘,文
则,刂
则,贝
刚,冈
刚,刂
创,仓
创,刂
刜,刀
初,刀
初,衤
删,刂
判,刂
判,半
別,刂
別,另
刨,刂
刨,包
利,刂
别,刂
刮,刂
刮,舌
到,刂
到,至
刱,井
刲,刀
刳,刀
刵,刀
刵,耳
制,⺧
制,刂
制,巾
刷,刂
刷,尸
刷,巾
券,丷
券,刀
券,夫
刹,刂
刺,刂
刻,刂
刽,刂
剂,刂
剂,齐
剃,刂
剄,刀
剄,坙
則,刀
剈,刀
剈,肙
剉,刀
削,刂
剌,刂
前,刂
前,月
剑,佥
剑,刂
剔,刂
剖,刂
剛,刀
剜,刀
剝,刀
剞,刀
剟,刀
剡,刀
剥,刂
剧,刂
剩,刂
剪,刀
剫,刀
剬,刀
副,刂
副,畐
割,刂
剴,刀
剺,刀
剽,刀
剿,刂
劀,刀
劃,刀
劈,刀
劊,刀
劋,刀
劌,刀
劑,刀
劒,刃
劖,刀
劝,力
劝,又
办,八
办,力
功,力
功,工
加,力
加,口
务,力
务,夂
劣,力
劣,少
劦,力
动,云
动,力
助,且
助,力
努,力
劫,去
劬,力
劬,句
劭,力
励,力
劲,力
劲,圣
劳,冖
劼,力
劼,吉
劾,力
势,力
勀,力
勁,力
勃,力
勃,孛
勇,力
勉,力
勋,力
勋,员
勍,力
勑,力
勒,力
勒,革
動,力
勖,力
勘,力
務,力
勝,力
募,力
勠,力
勡,力
勢,力
勤,力
勥,力
勦,力
勨,力
勩,力
勮,力
勱,力
勳,力
勶,力
勸,力
勺,丶
勺,勹
勼,九
勼,勹
勾,勹
勾,厶
匀,冫
匀,勹
匆,丶
匆,勿
匈,凶
匈,勹
匋,勹
匋,缶
匌,勹
匌,合
匍,勹
匍,甫
匏,包
匐,勹
匐,畐
化,亻
北,丬
北,匕
匙,匕
匜,也
匜,匚
匝,匚
匝,巾
匠,匚
匠,斤
匡,匚
匡,王
匣,匚
匣,甲
匧,匚
匪,匚
匪,非
匫,匚
匬,匚
匯,匚
匰,匚
匱,匚
匴,匚
匵,匚
匹,儿
匹,匚
区,乂
区,匚
医,匸
医,矢
匽,匸
匾,匚
匿,匸
十,一
十,丨
千,丿
千,十
升,丿
升,廾
午,丿
午,干
半,丨
半,丷
半,二
华,十
协,办
协,十
卒,亠
卒,十
卓,十
卓,卜
卓,日
協,十
单,一
单,丷
单,甲
卖,十
南,二
南,冂
南,十
卙,十
博,十
占,卜
占,口
卡,上
卡,下
卤,乂
卤,卜
卤,囗
卦,卜
卧,卜
卧,臣
危,㔾
即,卩
却,卩
卷,㔾
卷,丷
卷,夫
卸,午
卸,卩
卸,止
卹,卩
卹,血
卻,谷
卿,艮
厄,厂
厅,丁
厅,厂
历,力
历,厂
压,丶
压,厂
压,土
厌,厂
厌,犬
厎,厂
厓,厂
厕,厂
厖,厂
厘,厂
厘,里
厚,厂
厚,子
厚,日
厜,厂
厝,厂
厞,厂
厞,非
原,厂
原,小
原,白
厢,厂
厤,厂
厥,厂
厦,厂
厨,厂
厨,寸
厨,豆
厬,厂
厭,厂
厱,厂
厷,厶
厷,又
去,厶
去,土
厽,厶
县,厶
叁,三
叁,厶
叁,大
参,厶
参,大
参,彡
叉,丶
叉,又
及,人
及,又
友,又
双,又
叒,又
叔,又
叕,又
取,又
取,耳
受,冖
受,又
受,爫
变,又
叙,又
叛,半
叜,又
叟,又
叟,臼
叡,目
叡,谷
古,十
古,口
句,勹
句,口
另,力
另,口
叨,刀
叨,口
叩,卩
叩,口
只,八
只,口
叫,口
召,刀
召,口
叭,八
叭,口
叮,口
可,丁
可,口
台,厶
台,口
叱,七
叱,口
右,又
右,口
叴,九
叴,口
叼,刁
叼,口
叽,几
叽,口
吁,于
吁,口
吃,口
吃,气
各,口
各,夂
吆,口
吆,幺
合,一
合,人
合,口
吉,口
吉,士
吊,口
吊,巾
同,冂
名,口
名,夕
吏,一
吐,口
吐,土
向,丿
向,冂
向,口
吒,口
吓,下
吓,口
吕,口
吗,口
吗,马
吝,口
吝,文
吞,口
吞,天
吟,今
吟,口
吠,口
吠,犬
否,不
否,口
吧,口
吧,巴
吨,口
吨,屯
吩,分
吩,口
吪,口
含,今
含,口
听,口
听,斤
吭,亢
吭,口
吮,口
启,口
启,户
吱,口
吱,支
吴,天
吵,口
吸,及
吸,口
吹,口
吹,欠
吻,勿
吻,口
吼,口
吾,五
吾,口
呀,口
呀,牙
呆,木
呈,口
告,口
告,牛
呐,内
呐,口
呕,区
呕,口
员,贝
呙,内
呙,口
呛,仓
呛,口
呜,乌
呜,口
呝,口
呢,口
呢,尼
呦,口
呧,口
周,冂
周,口
周,土
呬,口
呬,四
呭,口
呰,口
呱,口
呱,瓜
味,口
味,未
呵,口
呵,可
呶,口
呷,口
呷,甲
呻,口
呻,申
呼,乎
呼,口
命,一
命,人
咀,且
咀,口
咄,出
咄,口
咅,口
咅,立
咆,包
咆,口
咈,口
和,口
和,禾
咍,口
咍,台
咎,久
咎,人
咎,口
咏,口
咏,永
咐,口
咒,几
咒,口
咕,口
咕,古
咖,口
咙,口
咙,龙
咠,口
咠,耳
咢,亏
咢,口
咥,口
咥,至
咦,口
咧,口
咨,口
咪,口
咪,米
咫,只
咫,尺
咬,交
咬,口
咮,口
咱,口
咱,自
咳,口
咷,口
咸,口
咼,口
咽,口
哀,口
哀,衣
品,口
哄,共
哄,口
哆,口
哇,口
哈,口
哈,合
哉,十
哉,口
哉,戈
响,口
响,向
哎,口
哑,口
哗,口
哟,口
員,囗
哤,口
哥,可
哦,口
哨,口
哩,口
哩,里
哪,口
哪,那
哭,口
哭,犬
哮,口
哯,口
哲,口
哺,口
哺,甫
哼,口
哽,口
哿,可
唁,口
唁,言
唆,口
唇,口
唇,辰
唉,口
唊,口
唌,口
唐,口
唐,广
唠,口
唤,口
唤,奂
唧,即
唧,口
唪,口
唪,奉
唫,口
唫,金
唬,口
售,口
售,隹
唯,口
唯,隹
唱,口
唳,口
唴,口
唸,口
唾,口
啁,口
啃,口
啄,口
商,丷
商,亠
啇,冂
啇,古
啊,口
啍,口
啎,午
問,口
啐,口
啖,口
啗,口
啚,十
啚,口
啜,口
啞,口
啟,攵
啡,口
啡,非
啤,口
啥,口
啦,口
啰,口
啸,口
啻,口
啼,口
啾,口
喁,口
喂,口
喂,畏
善,口
善,羊
喅,口
喇,口
喈,口
喉,口
喊,口
喊,咸
喑,口
喑,音
喔,口
喗,口
喘,口
喙,口
喚,口
喜,口
喜,吉
喝,口
喟,口
喤,口
喧,口
喫,口
喬,高
喳,口
喷,口
喻,口
喿,木
嗀,口
嗀,士
嗀,殳
嗁,口
嗂,口
嗃,口
嗃,高
嗅,口
嗌,口
嗑,口
嗓,口
嗔,口
嗙,口
嗛,兼
嗛,口
嗜,口
嗞,口
嗡,口
嗢,口
嗣,口
嗤,口
嗥,口
嗦,口
嗷,口
嗻,口
嗼,口
嗽,口
嗾,口
嗿,口
嘀,口
嘁,口
嘅,口
嘉,吉
嘌,口
嘏,古
嘐,口
嘑,口
嘒,口
嘖,口
嘗,尚
嘫,口
嘮,口
嘯,口
嘰,口
嘱,口
嘲,口
嘴,口
嘵,口
嘶,口
嘹,口
嘽,口
嘾,口
嘿,口
嘿,黑
噂,口
噆,口
噊,口
噍,口
噎,口
噓,口
噞,口
噣,口
噤,口
噦,口
器,犬
噩,口
噩,王
噫,口
噬,口
噭,口
噱,口
噲,口
噳,口
噴,口
嚌,口
嚎,口
嚏,口
嚘,口
嚚,臣
嚛,口
嚣,页
嚨,口
嚵,口
嚶,口
嚷,口
嚼,口
囂,页
囚,人
囚,囗
四,儿
四,囗
回,口
因,大
团,囗
团,才
囤,囗
囤,屯
囩,云
囩,囗
园,元
园,囗
困,木
囱,丶
囱,囗
囱,夕
围,韦
囹,令
囹,囗
固,古
固,囗
国,囗
国,玉
图,冬
图,囗
囿,囗
圃,囗
圃,甫
圄,囗
圆,员
圆,囗
圈,囗
圉,囗
國,囗
國,或
圍,囗
園,囗
圓,囗
圖,囗
團,囗
圛,囗
圜,囗
土,一
土,十
圣,又
圣,土
在,土
圪,乞
圪,土
圭,土
圮,土
圮,己
圯,土
地,也
地,土
场,土
场,易
圼,土
圼,日
圾,及
圾,土
址,土
址,止
坁,土
坁,氏
均,土
坊,土
坊,方
坋,分
坋,土
坎,土
坎,欠
坏,不
坏,土
坐,人
坐,土
坑,亢
坑,土
坒,土
坒,比
块,土
坙,一
坙,土
坙,巛
坚,土
坛,云
坛,土
坝,土
坞,乌
坞,土
坟,土
坠,土
坡,土
坡,皮
坤,土
坤,申
坥,且
坥,土
坦,土
坦,旦
坪,土
坪,平
坫,占
坫,土
坯,土
坱,土
坱,央
坳,土
坴,八
坴,土
坶,土
坶,母
坷,可
坷,土
坺,土
坻,土
坼,土
坿,土
垃,土
垃,立
垄,土
垄,龙
型,土
垍,土
垍,自
垎,各
垎,土
垐,土
垑,土
垒,厽
垒,土
垓,土
垔,土
垔,覀
垗,土
垛,土
垜,土
垝,土
垠,土
垠,艮
垢,土
垣,土
垤,土
垤,至
垦,土
垦,艮
垫,土
垮,土
垷,土
垸,土
垽,土
埂,土
埃,土
埋,土
埋,里
埍,土
埍,肙
城,土
埏,土
埐,土
埒,土
域,土
域,或
埠,土
埠,阜
埤,土
埩,土
埱,土
埴,土
埵,土
埸,土
埸,易
培,土
基,其
基,土
埻,土
埽,土
埾,土
堀,土
堂,土
堂,尚
堃,土
堃,方
堅,土
堆,土
堆,隹
堇,丰
堇,口
堇,土
堊,土
堋,土
堕,土
堛,土
堛,畐
堡,土
堣,土
堤,土
堨,土
堪,土
堫,土
堰,土
場,土
堵,土
堵,者
塌,土
塌,曰
塌,羽
塍,丷
塍,土
塍,夫
塍,月
塏,土
塑,土
塒,土
塓,土
塔,土
塗,土
塘,土
塙,土
塙,高
塞,土
塞,宀
塡,土
填,土
塹,土
塺,土
塺,麻
塾,土
塿,土
墀,土
境,土
墅,土
墇,土
墉,土
墊,土
墐,土
墓,土
墙,土
墜,土
增,土
墠,土
墣,土
墨,土
墨,黑
墩,土
墫,士
墳,土
墺,土
墼,土
墽,土
壁,土
壇,土
壎,土
壐,土
壒,土
壓,土
壔,土
壕,土
壘,土
壙,土
壚,土
壞,土
壟,土
壤,土
士,一
士,十
壮,丬
壮,士
壯,士
壯,爿
声,士
壴,十
壴,豆
壶,业
壶,冖
壶,士
壹,冖
壹,士
壹,豆
壻,士
夃,乃
夃,又
夃,夂
处,卜
处,夂
夆,丰
夆,夂
备,夂
备,田
夋,夊
夌,八
夌,土
夌,夂
复,夂
复,日
夎,夊
夏,夂
夐,人
外,卜
外,夕
夗,㔾
夗,夕
多,夕
夜,丶
夜,亠
夜,亻
夜,夂
夝,夕
夝,生
够,句
夤,夕
天,一
天,大
太,丶
太,大
夫,二
夫,人
夭,丿
夭,大
央,冂
央,大
夯,力
夯,大
失,丿
夲,十
夲,大
头,大
夷,大
夷,弓
夸,亏
夸,大
夺,大
夺,寸
夽,云
夽,大
奃,大
奄,大
奄,电
奅,大
奇,可
奇,大
奈,大
奈,示
奉,廾
奋,大
奋,田
奎,大
奏,三
奏,人
契,大
奔,大
奕,大
奖,丬
奖,夕
奖,大
套,大
奚,大
奚,幺
奚,爫
奞,大
奞,隹
奠,大
奢,大
奢,者
奥,丿
奥,冂
奥,大
奥,米
奪,又
奪,寸
奭,大
奯,大
奴,又
奴,女
奶,乃
奶,女
奸,女
奸,干
她,也
她,女
奼,女
好,女
好,子
妀,女
妀,己
妁,勺
妁,女
如,口
如,女
妃,女
妃,己
妄,亡
妄,女
妆,丬
妆,女
妇,女
妇,彐
妈,女
妊,女
妌,井
妌,女
妎,介
妎,女
妒,女
妒,戶
妓,女
妓,支
妖,女
妗,今
妗,女
妘,云
妘,女
妙,女
妙,少
妟,女
妟,日
妣,女
妣,比
妥,女
妥,爫
妨,女
妨,方
妭,女
妯,女
妯,由
妲,女
妲,旦
妴,女
妵,女
妸,可
妸,女
妹,女
妹,未
妻,一
妻,女
妾,女
妾,立
妿,女
姁,句
姁,女
姂,女
姅,半
姅,女
姆,女
姆,母
姊,女
始,台
始,女
姎,央
姎,女
姐,且
姐,女
姑,古
姑,女
姓,女
姓,生
委,女
委,禾
姕,女
姘,女
姘,幷
姚,女
姜,女
姜,羊
姝,女
姞,吉
姞,女
姡,女
姣,交
姣,女
姤,女
姥,女
姥,老
姨,女
姪,女
姪,至
姬,女
姰,女
姶,合
姶,女
姷,女
姸,女
姺,女
姻,女
姼,女
姽,女
姿,女
娀,女
娀,戎
威,女
娃,女
娄,女
娄,米
娇,女
娉,女
娋,女
娎,女
娑,女
娒,女
娓,女
娕,女
娗,女
娘,女
娘,良
娙,坙
娙,女
娛,女
娜,女
娜,那
娝,女
娟,女
娟,肙
娠,女
娠,辰
娣,女
娥,女
娧,女
娩,女
娭,女
娱,女
娶,女
娷,女
娸,其
娸,女
娹,女
娺,女
娽,女
娿,女
婆,女
婉,女
婐,女
婓,女
婓,非
婕,女
婗,女
婚,女
婜,女
婞,女
婟,女
婠,女
婢,女
婤,女
婥,女
婧,女
婧,青
婪,女
婬,女
婴,女
婴,贝
婶,女
婺,女
婼,女
婿,女
媁,女
媄,女
媅,女
媆,女
媊,女
媌,女
媐,女
媒,女
媕,女
媚,女
媛,女
媞,女
媟,女
媢,女
媣,女
媥,女
媦,女
媧,女
媮,女
媰,女
媱,女
媲,女
媳,女
媻,女
媼,女
媾,女
媿,女
媿,鬼
嫁,女
嫂,女
嫄,女
嫇,女
嫉,女
嫋,女
嫌,兼
嫌,女
嫖,女
嫗,女
嫙,女
嫚,女
嫛,女
嫠,厂
嫠,女
嫠,攵
嫠,未
嫡,女
嫢,女
嫣,女
嫥,女
嫧,女
嫩,女
嫪,女
嫯,女
嫳,女
嫴,女
嫵,女
嫷,女
嫸,女
嫺,女
嫼,女
嫼,黑
嫽,女
嫿,女
嬀,女
嬈,女
嬋,女
嬌,女
嬐,女
嬒,女
嬖,女
嬗,女
嬛,女
嬥,女
嬩,女
嬪,女
嬬,女
嬮,女
嬯,女
嬹,女
嬻,女
嬽,女
嬾,女
嬿,女
孁,女
孂,女
孃,女
孅,女
孈,女
孌,女
孎,女
子,一
子,了
孔,乚
孔,子
孕,乃
孕,子
字,子
存,子
孙,子
孙,小
孚,子
孚,爪
孛,冖
孛,十
孛,子
孜,子
孜,攵
孝,子
孟,子
孟,皿
季,子
季,禾
孤,子
孤,瓜
学,冖
学,子
学,小
孩,子
孫,子
孰,丸
孰,亠
孰,口
孰,子
孳,子
孴,曰
孵,孚
孺,子
孼,子
孽,子
孿,子
孿,纟
孿,言
它,匕
它,宀
宄,九
宄,宀
宅,宀
宇,于
宇,宀
守,宀
守,寸
安,女
宋,宀
宋,木
完,元
完,宀
宏,宀
宓,宀
宓,必
宔,宀
宖,宀
宗,宀
宗,示
官,宀
宙,宀
宙,由
定,宀
定,正
宛,宀
宜,且
宜,宀
宝,宀
宝,玉
实,头
实,宀
宠,宀
宠,龙
审,宀
审,申
客,各
客,宀
宣,宀
室,宀
室,至
宥,宀
宦,宀
宦,臣
宧,宀
宪,宀
宫,吕
宫,宀
宬,宀
宭,宀
宰,宀
宰,辛
害,丰
害,口
害,宀
宴,宀
宵,宀
家,宀
家,豕
宷,宀
宷,釆
宸,宀
宸,辰
容,宀
容,谷
宽,宀
宽,艹
宽,见
宾,宀
宿,亻
宿,宀
寀,宀
寁,宀
寂,宀
寄,宀
密,宀
密,山
密,必
寇,元
寇,宀
寇,攴
富,宀
富,畐
寏,宀
寑,宀
寑,钅
寒,井
寒,冫
寒,宀
寓,宀
寔,宀
寖,氵
寝,丬
寝,又
寝,宀
寞,宀
察,宀
寠,宀
寡,分
寡,宀
寡,页
寥,宀
實,宀
寨,宀
寨,木
寪,宀
寫,宀
寬,宀
寰,宀
寴,宀
寵,宀
寶,王
寶,缶
寷,宀
寸,一
寸,又
对,又
对,寸
寺,土
寺,寸
寻,彐
寽,一
寿,丰
寿,寸
封,寸
尃,寸
尃,甫
射,寸
射,身
将,丬
将,夕
将,寸
專,寸
尉,寸
尉,尸
尉,示
尊,寸
尌,寸
對,口
對,寸
導,寸
小,亅
小,八
尐,乀
尐,小
少,丿
少,小
尖,大
尖,小
尗,上
尗,小
尘,土
尚,冂
尚,口
尚,小
尝,云
尝,冖
尝,小
尞,小
尞,日
尞,火
尢,乙
尢,又
尤,丶
尤,尢
尥,勺
尨,彡
尨,犬
尬,介
就,尤
尲,兼
尳,骨
尻,九
尻,尸
尼,匕
尼,尸
尽,冫
尾,尸
尾,毛
尿,尸
尿,水
局,口
局,尸
屁,尸
屁,比
层,云
居,古
居,尸
屆,尸
屈,出
屈,尸
屉,尸
届,尸
届,由
屋,尸
屋,至
屍,尸
屎,尸
屎,米
屏,尸
屏,幷
屑,尸
屒,尸
屒,辰
展,尸
屖,尸
屖,辛
屝,尸
屝,非
属,尸
屟,尸
屠,尸
屠,者
屡,尸
層,尸
履,尸
屹,乞
屹,山
屺,山
屺,己
屿,与
屿,山
岁,山
岂,山
岂,己
岌,及
岌,山
岑,今
岑,山
岔,山
岖,区
岖,山
岗,冈
岗,山
岛,山
岛,鸟
岡,山
岡,网
岨,且
岨,山
岩,山
岩,石
岪,山
岫,山
岫,由
岭,令
岭,山
岱,山
岳,丘
岳,山
岵,古
岵,山
岸,厂
岸,山
岸,干
峋,山
峡,山
峦,山
峨,山
峭,山
峯,夆
峯,山
峰,夆
峰,山
峱,丑
峱,山
峱,犭
峻,山
峼,山
崇,山
崎,山
崑,山
崒,山
崔,山
崔,隹
崙,山
崛,山
崝,山
崝,青
崞,山
崟,山
崟,金
崩,山
崭,山
崵,山
嵌,山
嵌,欠
嵌,甘
嵍,山
嵎,山
嵏,山
嵟,隹
嵩,山
嵩,高
嵬,山
嵬,鬼
嵯,山
嶅,山
嶘,山
嶙,山
嶞,山
嶠,山
嶢,山
嶧,山
嶷,山
嶸,山
嶺,山
嶼,山
嶽,山
巀,山
巍,山
巒,山
巖,山
州,丶
巟,亡
巟,川
巡,巛
巢,巛
左,一
左,丿
左,工
巧,工
巩,工
巫,人
巫,工
差,工
差,羊
巷,共
巾,丨
巾,冂
市,亠
市,巾
布,一
布,丿
布,巾
帅,巾
帆,巾
帊,巴
帊,巾
希,乂
希,布
帐,巾
帐,长
帑,巾
帒,巾
帔,巾
帔,皮
帕,巾
帕,白
帖,占
帖,巾
帗,巾
帘,巾
帘,穴
帙,失
帙,巾
帚,冖
帚,巾
帚,彐
帛,巾
帛,白
帜,只
帜,巾
帝,冖
帝,巾
帟,巾
帣,丷
帣,夫
帣,巾
帤,巾
带,冖
带,巾
帬,巾
席,巾
席,广
帮,巾
帳,巾
帴,巾
帷,巾
帷,隹
常,尚
常,巾
帽,巾
幃,巾
幅,巾
幅,畐
幋,巾
幌,巾
幎,巾
幏,巾
幐,丷
幐,夫
幐,巾
幐,月
幔,巾
幕,巾
幖,巾
幗,巾
幘,巾
幝,巾
幞,巾
幟,巾
幠,巾
幡,巾
幢,巾
幣,巾
幦,巾
幧,巾
幩,巾
幬,巾
幭,巾
幰,巾
干,一
干,十
并,开
幸,丷
幸,土
幸,干
幻,幺
幼,力
幼,幺
幽,山
广,丶
广,厂
庄,土
庆,广
庇,广
庇,比
庉,屯
庉,广
床,广
床,木
庌,广
庌,牙
序,广
庐,广
庐,户
库,车
应,一
应,小
应,广
底,广
庖,包
庖,广
店,占
店,广
庙,广
庙,由
府,广
庞,广
庞,龙
废,广
庠,广
庠,羊
庢,广
庢,至
庤,寺
庤,广
度,又
度,广
座,广
庪,广
庭,广
庮,广
庮,酉
庰,幷
庰,广
庳,广
庵,广
庶,广
庶,灬
康,广
康,隶
庸,广
庸,用
庾,广
廁,广
廂,广
廈,广
廉,兼
廉,广
廊,广
廏,广
廑,广
廓,广
廔,广
廙,广
廚,广
廞,广
廟,广
廡,广
廢,广
廣,广
廥,广
廦,广
廫,广
廬,广
廮,广
廱,广
延,丿
延,廴
延,止
廷,廴
建,廴
建,聿
异,廾
弃,亠
弃,厶
弃,廾
弄,廾
弇,合
弇,廾
弈,廾
弊,廾
式,工
式,弋
引,丨
引,弓
弗,乀
弘,厶
弘,弓
弙,于
弙,弓
弛,也
弛,弓
弟,丷
弟,丿
张,弓
张,长
弢,弓
弥,弓
弦,弓
弦,玄
弧,弓
弧,瓜
弨,弓
弩,弓
弭,弓
弭,耳
弯,弓
弲,弓
弲,肙
弴,弓
張,弓
強,虫
弸,弓
弹,弓
强,弓
彀,士
彀,弓
彀,殳
彃,弓
彄,弓
彈,弓
彉,弓
彊,弓
彊,畺
彎,弓
彏,弓
归,彐
当,小
当,彐
录,彐
录,水
彗,丰
彗,彐
彘,彑
彘,矢
形,彡
彣,彡
彣,文
彤,彡
彥,厂
彩,彡
彪,彡
彫,彡
彬,彡
彭,彡
彰,彡
影,彡
彶,及
彶,彳
役,彳
役,殳
彻,彳
彼,彳
彼,皮
往,彳
征,彳
征,正
径,坙
径,彳
待,寺
待,彳
很,彳
很,艮
徊,彳
律,彳
律,聿
徎,彳
徐,彳
徑,彳
徒,彳
徒,走
得,一
得,寸
得,彳
得,日
徘,彳
徘,非
徙,彳
徙,止
徙,疋
徛,彳
御,彳
徥,彳
徦,彳
徧,彳
復,彳
循,彳
徬,彳
微,一
微,几
微,山
微,彳
微,攵
徯,彳
徲,彳
德,十
德,彳
德,罒
徹,彳
徹,攵
徼,彳
徽,山
徽,彳
徽,攵
徽,糸
忂,彳
必,丿
必,心
忆,乙
忆,忄
忌,己
忌,心
忍,刃
忍,心
忒,弋
忒,心
忓,干
忓,心
忖,寸
忖,忄
志,士
忘,亡
忘,心
忙,亡
忙,忄
忝,丶
忝,天
忝,小
忞,心
忞,文
忠,中
忠,心
忡,中
忡,忄
忥,心
忥,气
忦,介
忦,心
忧,尤
忧,忄
忨,元
忨,心
快,忄
忮,忄
忮,支
忯,心
忯,氏
忱,忄
念,今
念,心
忻,忄
忻,斤
忼,亢
忼,心
忽,勿
忽,心
忿,分
忿,心
怀,不
怀,忄
态,太
态,心
怊,忄
怋,心
怎,乍
怎,心
怏,央
怏,忄
怒,心
怓,心
怔,忄
怔,正
怕,忄
怕,白
怖,布
怖,忄
怙,古
怙,忄
怚,且
怚,忄
怛,忄
怛,旦
怜,令
怜,忄
思,心
思,田
怞,忄
怞,由
怠,台
怠,心
怡,台
怡,忄
怤,心
急,刍
急,心
性,忄
性,生
怨,心
怩,尼
怩,忄
怪,圣
怪,忄
怫,忄
怮,心
怯,去
怯,忄
怱,心
怲,丙
怲,忄
怵,忄
怵,术
总,丷
总,口
总,心
恁,心
恂,忄
恃,寺
恃,忄
恉,忄
恊,心
恋,心
恍,忄
恐,心
恑,心
恒,忄
恔,交
恔,忄
恕,心
恙,心
恙,羊
恚,心
恢,忄
恢,灰
恣,心
恤,忄
恤,血
恥,心
恥,耳
恧,心
恧,而
恨,忄
恨,艮
恩,心
恫,忄
恬,忄
恬,舌
恭,共
恭,心
恮,心
息,心
息,自
恰,合
恰,忄
恳,心
恳,艮
恶,心
恼,乂
恼,亠
恼,凵
恼,忄
悁,忄
悁,肙
悃,忄
悄,忄
悆,心
悈,心
悈,戒
悉,心
悉,釆
悊,心
悌,忄
悍,忄
悑,忄
悑,甫
悒,忄
悒,邑
悔,忄
悛,忄
悝,忄
悝,里
悟,忄
悠,心
患,心
悦,忄
您,心
悬,心
悯,忄
悰,忄
悱,忄
悱,非
悲,心
悲,非
悳,心
悴,忄
悵,心
悶,心
悸,忄
悹,心
悼,忄
悽,心
惀,心
惂,心
惄,心
情,忄
情,青
惆,忄
惇,忄
惉,心
惊,忄
惋,忄
惎,其
惎,心
惏,忄
惑,心
惑,或
惔,忄
惕,忄
惕,易
惙,忄
惛,忄
惜,忄
惟,忄
惟,隹
惠,心
惡,心
惢,心
惦,忄
惧,忄
惨,忄
惩,心
惫,心
惭,忄
惯,忄
惰,忄
惰,月
惲,心
想,心
惴,忄
惶,忄
惷,心
惹,心
惻,心
愁,心
愃,忄
愆,心
愉,忄
愊,忄
愊,畐
愍,心
意,心
意,音
愐,忄
愐,面
愒,忄
愓,心
愕,忄
愙,心
愚,心
愛,夊
感,咸
感,心
愤,忄
愧,忄
愧,鬼
愨,心
愪,心
愴,心
愵,心
愷,心
愻,心
愼,心
愾,心
愿,心
慁,心
慅,忄
慆,忄
慇,心
慈,心
慉,忄
慊,兼
慊,忄
態,心
慌,忄
慍,心
慎,忄
慒,心
慓,心
慔,心
慕,心
慘,心
慙,心
慟,心
慢,忄
慧,心
慨,忄
慮,虍
慰,心
慲,心
慴,心
慵,忄
慶,夂
慶,心
慷,忄
慸,心
慹,心
慽,心
憀,忄
憂,夊
憃,心
憋,心
憌,心
憎,忄
憐,心
憒,心
憔,忄
憕,心
憖,心
憙,心
憚,心
憝,心
憤,心
憧,忄
憨,心
憪,心
憬,忄
憭,忄
憮,心
憯,忄
憰,心
憲,心
憲,目
憸,心
憺,忄
憼,心
憾,忄
憿,心
懁,心
懂,忄
懆,忄
懇,心
懈,忄
應,心
懊,忄
懋,心
懌,心
懒,忄
懕,心
懖,心
懘,心
懜,心
懝,心
懟,心
懣,心
懦,忄
懬,心
懱,忄
懲,心
懷,心
懼,心
懽,心
懾,心
戁,心
戇,心
戉,戈
戋,戈
戎,十
戎,戈
戏,又
我,丿
我,戈
我,扌
戒,廾
戒,戈
戔,戈
戕,戈
戕,爿
或,戈
战,占
战,戈
戛,戈
戠,戈
戠,音
戡,戈
戢,戈
戣,戈
戩,戈
截,十
截,戈
截,隹
戭,戈
戮,戈
戰,戈
戲,戈
戳,戈
戳,羽
戳,隹
戴,十
戴,戈
戹,乙
戹,戶
戻,大
戻,戶
房,户
房,方
所,戶
所,斤
扁,户
扃,戶
扆,戶
扆,衣
扇,户
扇,羽
扈,户
扈,邑
扉,戶
扉,非
扎,乚
扎,扌
扐,力
扐,扌
扑,卜
扑,扌
扒,八
扒,扌
打,丁
打,扌
扔,乃
扔,扌
托,扌
扚,勺
扚,手
扛,工
扛,扌
扜,亏
扜,手
扞,干
扞,手
扟,手
扣,口
扣,扌
扤,扌
执,丸
执,扌
扩,广
扩,扌
扫,彐
扫,扌
扬,扌
扭,丑
扭,扌
扮,分
扮,扌
扯,扌
扯,止
扰,尤
扰,扌
扱,及
扱,扌
扳,扌
扴,介
扴,手
扶,夫
扶,扌
批,扌
批,比
扺,手
扺,氏
扼,扌
找,扌
承,三
技,扌
技,支
抄,扌
抈,扌
抈,月
抉,扌
把,巴
把,扌
抌,扌
抍,升
抍,手
抎,云
抎,手
抑,扌
抒,扌
抓,扌
投,扌
投,殳
抖,扌
抖,斗
抗,亢
抗,扌
折,扌
折,斤
抚,扌
抚,无
抛,九
抛,力
抛,尤
抛,扌
抠,区
抠,扌
抡,扌
抢,仓
抢,扌
护,扌
报,卩
报,扌
抧,只
抧,手
抨,平
抨,扌
抪,布
抪,手
披,扌
披,皮
抬,台
抬,扌
抯,且
抯,手
抰,央
抰,手
抱,包
抱,扌
抲,可
抲,手
抴,扌
抵,扌
抶,失
抶,扌
抹,扌
抹,末
押,扌
押,甲
抽,扌
抽,由
拂,扌
拄,扌
担,扌
担,旦
拆,扌
拆,斥
拇,扌
拇,母
拈,占
拈,扌
拉,扌
拉,立
拊,扌
拌,半
拌,扌
拍,扌
拍,白
拏,手
拐,另
拐,扌
拑,扌
拑,甘
拒,巨
拒,扌
拓,扌
拓,石
拔,扌
拕,它
拕,手
拖,也
拖,扌
拗,扌
拘,句
拘,扌
拙,出
拙,扌
拚,扌
招,扌
拜,手
拟,以
拟,扌
拢,扌
拢,龙
拣,一
拣,东
拣,扌
拥,扌
拥,用
拦,兰
拦,扌
拧,宁
拧,扌
拨,扌
择,丨
择,二
择,又
择,扌
括,扌
括,舌
拭,式
拭,扌
拮,吉
拮,扌
拯,扌
拱,共
拱,扌
拲,共
拲,手
拳,丷
拳,夫
拳,手
拴,扌
拷,扌
拹,手
拼,并
拼,扌
拾,合
拾,扌
拿,合
拿,手
持,寺
持,扌
挂,扌
挃,手
挃,至
指,扌
挈,手
按,扌
挋,手
挋,臣
挌,各
挌,扌
挎,扌
挏,手
挐,扌
挑,扌
挖,扌
挚,手
挟,扌
挠,尧
挠,扌
挡,扌
挣,扌
挤,扌
挤,齐
挥,扌
挨,扌
挪,扌
挪,那
挫,扌
振,扌
振,辰
挶,扌
挹,扌
挹,邑
挺,扌
挻,手
挽,扌
挾,手
捀,夆
捀,手
捂,扌
捄,手
捅,扌
捆,扌
捇,手
捇,赤
捈,手
捉,扌
捉,足
捊,孚
捊,手
捋,扌
捌,扌
捍,扌
捎,扌
捏,扌
捐,扌
捐,肙
捕,扌
捕,甫
捘,扌
捝,手
捞,扌
损,员
损,扌
捡,佥
捡,扌
换,奂
换,扌
捣,扌
捦,手
捦,金
捧,奉
捧,扌
捨,手
捪,手
捫,手
捭,扌
据,扌
捲,手
捶,扌
捷,扌
捺,扌
捻,扌
捼,扌
捽,扌
捾,手
掀,扌
掂,扌
掄,手
掇,扌
授,扌
掉,扌
掊,扌
掌,尚
掌,手
掍,扌
掎,扌
掏,匋
掏,扌
掐,扌
排,扌
排,非
掔,扌
掕,手
掖,扌
掘,扌
掠,扌
探,扌
掤,扌
接,扌
控,扌
推,扌
推,隹
掩,扌
措,扌
掫,扌
掰,分
掰,手
掷,扌
掸,扌
掺,扌
掾,扌
揂,手
揃,扌
揄,扌
揆,扌
揉,扌
揍,扌
描,扌
提,扌
插,扌
揖,扌
揗,扌
揙,手
揚,手
換,手
揜,扌
揟,手
揠,扌
握,扌
揣,扌
揤,手
揩,扌
揪,扌
揫,手
揭,扌
揮,手
揯,手
揱,手
揲,扌
援,扌
揽,扌
搀,冫
搀,扌
搁,扌
搂,扌
搅,扌
搈,手
搉,扌
損,手
搏,扌
搑,手
搒,扌
搓,扌
搔,扌
搖,手
搜,扌
搞,扌
搞,高
搢,扌
搣,扌
搤,手
搦,扌
搪,扌
搫,手
搬,扌
搭,扌
搯,手
搰,扌
搰,骨
搳,扌
搵,手
搹,手
搹,鬲
携,扌
摄,扌
摆,扌
摇,扌
摊,扌
摍,手
摎,扌
摔,扌
摕,手
摘,扌
摛,扌
摜,手
摟,手
摡,手
摦,扌
摧,扌
摩,手
摩,麻
摬,手
摯,手
摲,扌
摳,手
摴,扌
摵,手
摶,手
摷,扌
摸,扌
摹,手
摺,扌
摼,手
摽,扌
撅,扌
撆,手
撇,扌
撎,手
撑,扌
撒,扌
撓,手
撕,扌
撚,扌
撝,手
撞,扌
撟,手
撢,扌
撣,手
撤,扌
撤,攵
撥,手
撩,扌
撫,手
撬,扌
播,扌
撮,扌
撲,手
撵,扌
撻,手
撼,扌
撿,手
擂,扌
擅,扌
擇,手
擊,手
操,扌
擎,手
擐,扌
擒,扌
擖,扌
擘,手
據,手
擠,手
擢,扌
擣,扌
擦,扌
擧,手
擩,扌
擪,手
擬,手
擭,扌
擸,扌
擿,扌
攀,大
攀,手
攈,扌
攎,手
攐,扌
攒,扌
攕,手
攘,扌
攙,手
攜,手
攝,手
攣,手
攤,手
攩,手
攪,手
攫,扌
支,十
支,又
攲,支
攴,卜
攴,又
收,攵
攷,攵
攸,攵
改,己
改,攵
攺,攵
攻,工
攻,攵
攽,分
攽,攵
放,攵
放,方
政,攵
政,正
敀,攵
敀,白
敂,句
敂,攵
敃,攵
敄,攵
敄,矛
故,古
故,攵
敇,攵
效,交
效,攵
敉,攵
敉,米
敊,支
敌,攵
敌,舌
敏,攵
救,攵
敒,攵
敓,攵
敔,攵
敕,攵
敖,出
敖,土
敖,攵
敖,方
敘,攵
教,攵
敛,佥
敛,攵
敜,攵
敝,攵
敞,尚
敞,攵
敟,攵
敡,攵
敡,易
敢,乛
敢,攵
敢,耳
散,井
散,攵
散,月
敦,攵
敫,攵
敫,方
敫,白
敬,攵
敯,攵
数,攵
敲,攴
敲,高
敳,攵
整,攵
整,正
敵,攵
敵,舌
敶,攵
敷,攵
數,攵
敹,攵
敿,攵
斀,攵
斁,攵
斂,攵
斆,冂
文,乂
文,亠
斋,文
斋,而
斐,文
斐,非
斑,文
斑,王
料,斗
料,米
斛,斗
斛,角
斜,斗
斝,冖
斝,口
斝,斗
斞,斗
斟,斗
斠,斗
斡,斗
斣,斗
斥,丶
斥,斤
斧,斤
斧,父
斨,斤
斨,爿
斩,斤
斩,车
斪,句
斪,斤
斫,斤
斫,石
斬,斤
斬,车
断,斤
断,米
斮,斤
斯,其
斯,斤
新,斤
新,木
新,立
斸,斤
施,也
旁,亠
旁,方
旂,斤
旄,毛
旅,方
旅,氏
旇,皮
旉,方
旉,甫
旋,疋
旌,生
族,方
族,矢
旗,其
旗,方
既,旡
既,艮
旣,旡
旦,一
旦,日
旧,丨
旧,日
旨,匕
旨,曰
早,十
早,日
旬,勹
旬,日
旭,九
旭,日
旰,干
旰,日
旱,干
旱,日
旳,勺
旳,日
时,寸
时,日
旷,广
旷,日
旺,日
旺,王
旻,文
旻,日
昂,日
昃,日
昄,日
昆,日
昆,比
昇,升
昇,日
昈,戶
昈,日
昉,方
昉,日
昌,日
昌,曰
明,日
明,月
昏,日
昏,氏
昒,勿
昒,日
易,勿
易,日
昔,井
昔,日
昕,斤
昕,日
昙,云
昙,日
星,日
星,生
映,央
映,日
春,三
春,八
春,日
昧,日
昧,未
昨,乍
昨,日
昪,日
昫,句
昫,日
昭,日
是,曰
是,正
昱,日
昱,立
昳,失
昳,日
昴,日
昵,尼
昵,日
昷,日
昷,皿
昼,尺
昼,旦
显,业
显,日
時,寺
時,日
晃,日
晄,日
晉,日
晋,日
晌,向
晌,日
晏,日
晐,日
晒,日
晒,西
晓,尧
晓,日
晕,日
晙,日
晚,日
晛,日
晞,日
晟,日
晢,日
晤,日
晦,日
晧,日
晨,日
晨,辰
普,日
景,日
晰,日
晴,日
晴,青
晶,日
晷,日
晹,日
晹,易
智,日
晻,日
晾,日
暀,日
暂,日
暆,日
暇,日
暈,日
暉,日
暍,日
暏,日
暏,者
暑,日
暑,者
暖,日
暗,日
暗,音
暘,日
暤,日
暨,旦
暫,日
暮,日
暱,日
暴,共
暴,日
暴,水
暵,日
曀,日
曆,日
曈,日
曉,日
曏,日
曐,生
曙,日
曟,辰
曠,日
曨,日
曩,日
曫,日
曬,日
曰,一
曰,口
曳,丿
曳,申
曷,曰
書,者
書,聿
曹,日
曼,又
曼,曰
曼,罒
曾,八
曾,曰
替,夫
替,日
最,日
朁,曰
朅,去
有,又
有,月
朋,月
服,月
朐,句
朐,月
朓,月
朓,肉
朔,屰
朔,月
朗,月
朗,良
朙,月
望,亡
望,月
望,王
朝,十
朝,日
朝,月
期,其
期,月
朢,臣
朦,月
朧,月
未,一
未,木
末,一
末,木
本,一
本,木
札,乙
札,木
术,丶
术,木
朱,一
朱,丿
朱,木
朴,木
朵,木
朸,力
朸,木
机,木
朻,木
朽,木
朾,丁
朾,木
杀,乂
杀,木
杂,九
杂,木
权,又
权,木
杆,木
杇,亏
杇,木
杈,叉
杈,木
杉,彡
杉,木
李,子
李,木
杏,口
材,才
材,木
村,寸
村,木
杒,刃
杒,木
杓,勺
杓,木
杕,大
杕,木
杖,丈
杖,木
杗,亡
杗,木
杘,尸
杘,木
杙,弋
杙,木
杚,木
杚,气
杜,土
杜,木
杝,也
杝,木
杞,己
杞,木
束,木
杠,工
杠,木
条,夂
条,木
杨,木
杪,少
杪,木
杭,亢
杭,木
杮,木
杯,不
杯,木
杰,木
杰,灬
杵,午
杵,木
杶,屯
杶,木
杷,巴
杷,木
杸,木
杸,殳
杼,木
杽,手
杽,木
松,公
松,木
板,木
极,及
极,木
构,勾
构,木
枅,木
枇,木
枇,比
枉,木
枊,木
枋,方
枋,木
枌,分
枌,木
枎,夫
枎,木
枏,木
析,斤
析,木
枑,木
枒,木
枒,牙
枓,斗
枓,木
枕,木
枖,木
林,木
枚,攵
枚,木
果,木
果,田
枝,支
枝,木
枢,区
枢,木
枣,冫
枪,仓
枪,木
枫,木
枫,风
枮,占
枮,木
枯,古
枯,木
枰,平
枰,木
枱,台
枱,木
枲,台
枲,朩
枳,只
枳,木
枵,木
架,木
枷,木
枸,句
枸,木
枹,包
枹,木
枼,木
柀,木
柀,皮
柃,令
柃,木
柄,丙
柄,木
柅,尼
柅,木
柆,木
柆,立
柍,央
柍,木
柎,木
柏,木
柏,白
某,木
某,甘
柑,木
柑,甘
柒,七
柒,木
柒,氵
染,氵
柔,木
柔,矛
柖,木
柘,木
柘,石
柙,木
柙,甲
柚,木
柚,由
柜,巨
柜,木
柝,木
柞,乍
柞,木
柠,宁
柠,木
柢,木
柤,且
柤,木
查,旦
查,木
柧,木
柧,瓜
柩,久
柩,匚
柩,匸
柩,木
柫,木
柬,八
柭,木
柮,出
柮,木
柯,可
柯,木
柰,木
柰,示
柱,木
柲,必
柲,木
柳,木
柴,木
柵,木
柶,四
柶,木
柿,市
柿,木
栅,木
标,木
标,示
栈,戋
栈,木
栋,东
栋,木
栏,兰
栏,木
树,对
树,木
栓,木
栔,木
栖,木
栖,西
栗,木
栗,覀
栘,木
栙,木
栚,木
栝,木
栝,舌
栟,并
栟,木
栠,木
校,交
校,木
栩,木
栩,羽
株,木
栫,存
栫,木
栭,木
栭,而
栵,木
样,木
样,羊
核,木
根,木
根,艮
格,各
格,木
栽,十
栽,戈
栽,木
桂,木
桃,木
桄,木
桅,木
框,木
案,木
桊,木
桋,木
桌,卜
桌,日
桌,木
桎,木
桎,至
桏,木
桐,木
桑,木
桓,木
桔,吉
桔,木
档,木
桥,木
桦,木
桨,丬
桨,夕
桨,木
桩,庄
桩,木
桮,木
桯,木
桰,木
桱,坙
桱,木
桴,孚
桴,木
桵,木
桶,木
桷,木
桷,角
桹,木
桹,良
桺,木
桼,人
桼,木
桼,水
梀,木
梁,木
梁,水
梁,氵
梂,木
梃,木
梅,木
梆,木
梇,木
梏,木
梔,木
梗,木
梜,木
條,木
梠,木
梡,木
梢,木
梣,木
梤,木
梦,夕
梧,木
梨,木
梬,木
梭,木
梯,木
械,戒
械,木
梱,木
梳,㐬
梳,木
梴,木
检,佥
检,木
棁,木
棃,木
棆,木
棉,木
棊,其
棊,木
棋,其
棋,木
棍,木
棐,木
棐,非
棒,奉
棒,木
棓,木
棕,木
棖,木
棚,木
棝,木
棟,木
棠,尚
棠,木
棣,木
棣,隶
棥,木
棥,爻
棧,木
棪,木
棫,或
棫,木
森,木
棱,木
棳,木
棵,木
棷,木
棺,木
棼,分
棽,今
椁,木
椄,木
椅,木
椆,木
椋,木
椌,木
植,木
椎,木
椎,隹
椐,木
椑,木
椒,木
椓,木
椭,木
椯,木
椰,木
椱,木
椲,木
椳,木
椳,畏
椵,木
椶,木
椷,咸
椷,木
椸,木
椽,木
椿,木
楀,木
楃,木
楄,木
楅,木
楅,畐
楇,木
楈,木
楊,木
楋,木
楎,木
楑,木
楓,木
楔,木
楗,木
楘,木
楙,木
楙,矛
楚,疋
楛,木
楝,木
楝,柬
楞,方
楞,木
楞,罒
楢,木
楣,木
楥,木
楨,木
楫,木
楬,木
業,巾
楮,木
楮,者
楯,木
楰,木
楲,木
極,木
楷,木
楸,木
楹,木
楼,木
概,木
榄,木
榆,木
榑,木
榔,木
榕,木
榖,士
榖,木
榖,殳
榗,木
榙,木
榛,木
榜,木
榝,木
榣,木
榦,木
榨,木
榭,木
榰,木
榱,木
榴,木
榷,木
榹,木
榺,木
榻,木
榼,木
槀,木
槀,高
槃,木
槅,木
槅,鬲
槇,木
槈,木
槊,木
構,木
槌,木
槍,木
槎,木
槏,兼
槏,木
槐,木
槐,鬼
槑,呆
様,木
槢,木
槤,木
槥,木
槧,木
槩,木
槭,木
槮,木
槶,木
槷,木
槹,木
槽,木
槾,木
樀,木
樁,木
樂,幺
樂,木
樂,白
樅,木
樊,大
樓,木
樔,木
樕,木
樗,木
樘,木
標,木
樛,木
樜,木
樝,木
樞,木
樠,木
模,木
横,木
樱,木
樲,木
樴,木
樵,木
樸,木
樹,木
樻,木
樿,木
橁,木
橃,木
橄,木
橈,木
橋,木
橌,木
橎,木
橑,木
橘,木
橙,木
橚,木
橜,木
橝,木
橞,木
機,木
橡,木
橢,木
橦,木
橪,木
橱,木
橾,木
橿,木
橿,畺
檀,木
檄,木
檆,木
檇,木
檈,木
檉,木
檍,木
檐,木
檕,木
檗,木
檜,木
檟,木
檢,木
檥,木
檩,木
檬,木
檮,木
檷,木
檹,木
檻,木
檼,木
檿,木
櫂,木
櫅,木
櫌,木
櫍,木
櫎,木
櫑,木
櫓,木
櫛,木
櫝,木
櫟,木
櫡,木
櫨,木
櫪,木
櫬,木
櫳,木
櫺,木
櫻,木
櫼,木
櫾,木
權,木
欑,木
欒,木
欘,木
欙,木
欚,木
欠,人
欠,勹
次,冫
次,欠
欢,又
欢,欠
欣,斤
欣,欠
欥,曰
欥,欠
欦,今
欦,欠
欧,区
欧,欠
欨,句
欨,欠
欪,出
欪,欠
欬,欠
欭,欠
欮,屰
欮,欠
欯,吉
欯,欠
欱,合
欱,欠
欲,欠
欲,谷
欶,欠
欸,欠
欺,其
欺,欠
欻,欠
欽,欠
欽,金
款,士
款,欠
款,示
欿,欠
歁,欠
歂,欠
歃,欠
歆,欠
歆,音
歇,欠
歈,欠
歉,兼
歉,欠
歋,欠
歌,欠
歍,欠
歐,欠
歑,欠
歔,欠
歕,欠
歖,欠
歗,欠
歙,欠
歜,欠
歟,欠
歡,欠
正,一
正,止
此,匕
此,止
步,少
武,一
武,弋
武,止
歧,支
歧,止
歪,不
歪,正
歫,巨
歫,止
歭,寺
歭,止
歰,刃
歰,止
歱,止
歷,止
歸,止
歹,一
歹,夕
死,一
死,匕
死,夕
歼,千
歼,歹
歾,勿
歾,歹
殂,且
殂,歹
殃,央
殃,歹
殄,歹
殆,台
殆,歹
殉,歹
殊,歹
残,戋
残,歹
殔,歹
殔,隶
殖,歹
殘,歹
殛,歹
殟,歹
殠,歹
殣,歹
殨,歹
殪,歹
殫,歹
殬,歹
殯,歹
殰,歹
殲,歹
殳,几
殳,又
殴,区
殴,殳
段,殳
殷,殳
殸,殳
殹,殳
殺,殳
殽,殳
殿,共
殿,尸
殿,殳
毁,工
毁,殳
毁,臼
毃,殳
毃,高
毄,殳
毅,殳
毆,殳
毇,殳
每,母
毐,士
毒,丰
毒,母
比,匕
毕,十
毖,必
毖,比
毙,比
毛,乚
毛,彡
毡,占
毡,毛
毦,毛
毦,耳
毨,毛
毫,冖
毫,毛
毬,毛
毯,毛
毳,毛
毹,毛
毾,毛
氅,毛
氊,毛
氍,毛
氓,亡
氛,分
氛,气
氢,坙
氢,气
氣,气
氣,米
氧,气
氧,羊
氨,气
氮,气
氯,气
氶,乛
氶,水
永,亠
永,水
氾,㔾
氾,水
氾,氵
氿,九
氿,氵
汀,丁
汀,氵
汁,氵
求,丶
求,水
汃,八
汃,水
汇,匚
汇,氵
汉,又
汉,氵
汋,勺
汋,氵
汍,丸
汍,氵
汎,水
汏,大
汏,氵
汓,子
汓,水
汔,气
汔,氵
汕,山
汕,氵
汗,干
汗,氵
汘,千
汘,水
汙,于
汙,氵
汛,氵
汜,氵
汝,女
汝,氵
汞,工
汞,水
江,工
江,氵
池,氵
污,亏
污,氵
汤,易
汤,氵
汥,支
汥,水
汦,氏
汦,水
汧,氵
汩,曰
汩,氵
汪,氵
汪,王
汭,内
汭,氵
汰,太
汰,氵
汲,及
汲,氵
汳,氵
汶,文
汶,氵
汷,夂
汷,氵
汹,凶
汹,氵
決,水
汻,午
汻,水
汽,气
汽,氵
汾,分
汾,氵
沁,心
沁,氵
沂,斤
沂,氵
沃,氵
沄,云
沄,氵
沅,元
沅,氵
沆,亢
沆,氵
沇,氵
沈,氵
沋,尤
沋,水
沐,木
沐,氵
沑,丑
沑,水
沒,水
沓,曰
沓,水
沔,氵
沙,少
沙,氵
沚,止
沚,氵
沛,氵
沟,勾
沟,氵
没,殳
没,氵
沥,氵
沦,氵
沧,仓
沧,氵
沪,户
沪,氵
沫,末
沫,氵
沬,未
沬,氵
沭,术
沭,氵
沮,且
沮,氵
沱,它
沱,氵
河,可
河,氵
沴,氵
沸,氵
油,氵
油,由
治,台
治,氵
沼,氵
沽,古
沽,氵
沾,占
沾,氵
沿,氵
況,兄
況,水
泂,氵
泄,氵
泆,失
泆,氵
泉,水
泉,白
泊,氵
泊,白
泌,必
泌,氵
泏,出
泏,水
泐,氵
泑,氵
泒,氵
泒,瓜
泓,氵
泔,氵
泔,甘
法,去
法,氵
泗,四
泗,氵
泙,平
泙,氵
泚,氵
泛,氵
泜,氵
泝,氵
泞,宁
泞,氵
泠,令
泠,氵
泡,包
泡,氵
波,氵
波,皮
泣,氵
泣,立
泥,尼
泥,氵
泧,水
注,氵
泪,氵
泪,目
泫,氵
泫,玄
泬,水
泬,穴
泭,氵
泮,半
泮,氵
泯,氵
泰,二
泰,大
泰,廾
泰,水
泱,央
泱,氵
泲,氵
泳,氵
泳,永
泵,水
泵,石
泻,氵
泼,氵
泽,丨
泽,二
泽,又
泽,氵
洁,吉
洁,氵
洄,氵
洅,水
洇,氵
洈,水
洋,氵
洋,羊
洌,氵
洍,水
洎,氵
洎,自
洏,氵
洏,而
洐,水
洐,行
洒,氵
洒,西
洓,水
洔,寺
洔,水
洗,氵
洙,氵
洚,氵
洛,各
洛,氵
洝,水
洞,氵
洟,氵
津,氵
津,聿
洦,水
洧,氵
洨,交
洨,氵
洪,共
洪,氵
洫,氵
洫,血
洭,氵
洮,氵
洰,巨
洰,氵
洲,氵
洵,氵
洶,水
洸,氵
洹,氵
洺,氵
活,氵
活,舌
洼,氵
洽,合
洽,氵
派,氵
洿,氵
流,氵
浅,戋
浅,氵
浆,丬
浆,夕
浆,水
浇,尧
浇,氵
浊,氵
浊,虫
测,氵
济,氵
济,齐
浑,氵
浓,氵
浙,氵
浚,氵
浝,水
浞,氵
浞,足
浥,氵
浥,邑
浦,氵
浦,甫
浩,氵
浪,氵
浪,良
浮,孚
浮,氵
浯,氵
浴,氵
浴,谷
海,氵
浸,冖
浸,又
浸,彐
浸,氵
浹,也
浹,水
浼,氵
浿,水
涂,氵
涅,土
涅,日
涅,水
涅,氵
涇,坙
涇,水
消,氵
涉,氵
涌,氵
涎,氵
涐,氵
涑,氵
涒,氵
涓,氵
涓,肙
涔,氵
涕,氵
涗,水
涘,氵
涛,氵
涝,氵
涡,呙
涡,氵
涣,奂
涣,氵
润,氵
润,闰
涧,氵
涨,氵
涩,刃
涩,止
涩,氵
涪,氵
涫,氵
涮,氵
涯,氵
液,氵
涳,水
涵,氵
涶,氵
涷,氵
涸,氵
涺,水
涻,水
涼,水
涾,水
涿,氵
淀,氵
淁,水
淅,氵
淆,氵
淇,其
淇,氵
淈,水
淉,水
淊,氵
淋,氵
淌,尚
淌,氵
淑,氵
淒,水
淔,水
淖,氵
淘,匋
淘,氵
淙,氵
淜,氵
淠,氵
淡,氵
淢,或
淢,氵
淤,氵
淦,氵
淦,金
淨,水
淩,氵
淪,水
淫,氵
淫,爫
淬,氵
淮,氵
淮,隹
淯,氵
淰,氵
深,氵
淳,氵
淶,水
混,氵
淹,氵
淺,水
添,氵
清,氵
清,青
渊,氵
渐,氵
渔,氵
渔,鱼
渗,氵
渙,水
渚,氵
渚,者
減,咸
減,水
渜,水
渝,氵
渠,木
渡,氵
渣,氵
渤,氵
渥,氵
渨,氵
渨,畏
温,氵
渫,氵
測,水
渭,氵
港,氵
渰,氵
渳,水
渴,氵
游,氵
渺,氵
渻,水
渾,水
渿,水
湀,水
湁,水
湃,氵
湄,氵
湅,柬
湅,氵
湆,水
湆,音
湊,水
湋,水
湍,氵
湎,氵
湎,面
湑,氵
湒,水
湔,氵
湖,氵
湘,氵
湛,氵
湜,氵
湝,氵
湞,水
湟,氵
湡,水
湩,氵
湫,氵
湮,氵
湯,水
湲,氵
湳,氵
湾,氵
湿,氵
溃,氵
溅,氵
溉,氵
源,氵
溑,水
溓,兼
溓,水
準,水
溘,氵
溜,氵
溝,水
溟,氵
溠,氵
溢,氵
溥,氵
溧,氵
溪,氵
溫,水
溯,氵
溱,氵
溳,水
溶,氵
溷,氵
溺,氵
溽,氵
滁,氵
滂,氵
滃,氵
滄,水
滅,水
滇,氵
滈,水
滈,高
滋,氵
滌,水
滍,氵
滑,氵
滑,骨
滒,水
滓,氵
滔,氵
滕,丷
滕,夫
滕,月
滚,氵
滞,氵
满,氵
满,艹
滤,氵
滥,氵
滨,氵
滩,氵
滫,氵
滯,水
滰,水
滱,水
滲,水
滴,氵
滶,水
滻,水
滿,水
漀,水
漂,氵
漆,氵
漉,氵
漉,鹿
漊,水
漏,氵
漑,水
漓,氵
演,氵
漕,氵
漘,氵
漙,氵
漚,水
漠,氵
漥,氵
漦,攵
漦,未
漦,水
漫,氵
漬,水
漮,水
漱,氵
漳,氵
漵,水
漷,氵
漸,水
漹,氵
漻,水
漼,氵
漾,氵
潁,水
潎,氵
潏,氵
潐,水
潒,水
潓,水
潔,水
潔,氵
潕,水
潘,氵
潚,水
潛,水
潜,氵
潝,氵
潞,氵
潠,氵
潢,氵
潣,水
潤,水
潦,氵
潧,水
潨,水
潩,水
潭,氵
潮,氵
潯,水
潰,水
潺,氵
潼,氵
潿,水
澄,氵
澆,水
澇,水
澈,攵
澈,氵
澌,氵
澍,氵
澎,氵
澐,氵
澑,水
澒,氵
澗,水
澜,氵
澡,氵
澤,水
澥,氵
澧,氵
澨,氵
澬,氵
澮,水
澱,水
澳,氵
澶,氵
澹,氵
澺,水
激,氵
濁,水
濃,水
濄,水
濆,水
濇,氵
濈,氵
濊,氵
濒,氵
濔,氵
濕,水
濘,水
濛,水
濞,氵
濞,鼻
濟,水
濡,氵
濢,水
濤,水
濥,水
濦,水
濩,氵
濫,水
濮,氵
濯,氵
濰,水
濼,水
瀀,水
瀆,水
瀋,水
瀌,氵
瀎,水
瀏,水
瀑,氵
瀕,页
瀘,水
瀙,水
瀛,氵
瀝,水
瀞,氵
瀟,水
瀤,水
瀦,水
瀧,水
瀨,水
瀱,氵
瀳,氵
瀵,氵
瀶,水
瀷,水
瀸,水
瀹,氵
瀹,龠
瀼,氵
瀾,水
灂,水
灅,水
灈,氵
灉,氵
灊,水
灌,氵
灑,水
灒,氵
灓,水
灝,水
灡,水
灯,丁
灯,火
灰,又
灵,彐
灵,火
灶,土
灶,火
灸,久
灸,火
灺,也
灺,火
灼,勺
灼,火
灾,宀
灾,火
灿,火
炁,旡
炁,灬
炉,户
炉,火
炊,欠
炊,火
炎,火
炒,少
炒,火
炕,亢
炕,火
炥,火
炦,火
炪,出
炪,火
炫,火
炫,玄
炬,巨
炬,火
炭,山
炭,灰
炮,包
炮,火
炯,火
炱,台
炱,火
炳,丙
炳,火
炸,乍
炸,火
点,占
点,灬
炼,一
炼,东
炼,火
烁,乐
烁,火
烂,兰
烂,火
烄,交
烄,火
烈,灬
烓,火
烖,火
烘,共
烘,火
烙,各
烙,火
烛,火
烛,虫
烟,火
烤,火
烦,火
烦,页
烧,尧
烧,火
烫,火
热,灬
烰,孚
烰,火
烹,灬
焅,火
焆,火
焆,肙
焊,火
焌,火
焕,奂
焕,火
焙,火
焚,火
焜,火
焞,火
焠,火
焦,灬
焦,隹
焯,火
焰,火
然,月
然,灬
然,犬
煁,火
煇,火
煉,柬
煉,火
煌,火
煎,灬
煒,火
煔,占
煖,火
煗,火
煙,火
煜,火
煞,刍
煞,攵
煞,灬
煤,火
煥,火
煦,灬
煨,火
煨,畏
煩,火
煩,页
煬,火
煮,灬
煮,者
煴,火
煽,火
熄,火
熇,火
熇,高
熊,灬
熏,屮
熏,黑
熑,兼
熑,火
熔,火
熚,火
熛,火
熜,火
熟,灬
熠,火
熬,灬
熭,火
熮,火
熱,火
熲,火
熹,灬
熾,火
燀,火
燂,火
燃,火
燋,火
燎,火
燒,火
燔,火
燕,北
燕,口
燕,灬
燠,火
燥,火
燦,火
燬,火
燭,火
燮,又
燮,火
燮,言
燹,火
燽,火
燿,火
爆,火
爇,火
爍,火
爓,火
爗,火
爚,火
爚,龠
爝,火
爞,火
爟,火
爤,火
爬,巴
爬,爪
爰,一
爰,友
爰,爫
爱,冖
爱,友
爱,爫
爵,寸
爵,爫
爵,罒
爵,艮
父,乂
父,八
爷,卩
爷,父
爸,巴
爸,父
爹,父
爻,乂
爽,大
爾,冂
牀,木
牀,爿
牂,爿
牂,羊
牄,爿
牆,爿
版,片
牌,片
牍,片
牏,片
牑,片
牒,片
牘,片
牝,匕
牝,牜
牡,土
牡,牜
牢,宀
牢,牛
牣,刃
牣,牜
牧,攵
牧,牛
物,勿
物,牜
牭,四
牭,牜
牲,牜
牲,生
牴,牜
牵,冖
牵,大
牵,牛
牷,牜
特,寺
特,牜
牺,牜
牺,西
牻,牜
牼,牜
牿,牜
犀,尸
犀,水
犀,牛
犁,牛
犅,牜
犉,牜
犍,牜
犗,牜
犙,牜
犛,攵
犛,未
犛,牛
犝,牜
犡,牜
犥,牜
犧,牜
犨,牛
犨,隹
犬,丶
犬,大
犯,㔾
犯,犭
状,丬
状,犬
犹,尤
犹,犭
犺,亢
犺,犭
犻,犭
狀,爿
狀,犭
狂,犭
狂,王
狃,丑
狃,犭
狈,犭
狈,贝
狋,犭
狋,示
狎,犭
狎,甲
狐,犭
狐,瓜
狗,句
狗,犭
狘,犭
狙,且
狙,犭
狛,犭
狛,白
狞,宁
狞,犭
狟,犭
狠,犭
狠,艮
狡,交
狡,犭
狧,犭
狧,舌
狩,犭
独,犭
独,虫
狭,犭
狮,犭
狰,犭
狱,犬
狱,犭
狱,讠
狷,犭
狷,肙
狸,犭
狸,里
狻,犭
狼,犭
狼,良
狾,犭
猈,犭
猌,犬
猌,犭
猎,犭
猒,甘
猖,犭
猗,犭
猚,犬
猚,隹
猛,犭
猜,犭
猜,青
猝,犭
猥,犭
猥,畏
猩,犭
猪,犭
猪,者
猫,犭
猬,犭
献,犬
猰,犭
猲,犭
猴,犭
猵,犭
猶,犭
猾,犭
猾,骨
猿,犭
獀,犭
獄,犬
獄,犭
獄,言
獌,犭
獒,犬
獘,犬
獘,犭
獜,犭
獟,犭
獠,犭
獡,犭
獢,犭
獧,犭
獨,犭
獪,犭
獫,犭
獲,犭
獳,犭
獵,犭
獷,犭
獸,犬
獺,犭
獻,犬
玃,犭
玄,亠
玄,幺
率,冫
率,十
率,玄
玉,丶
玉,王
王,三
王,丨
玎,丁
玎,王
玒,工
玒,王
玓,勺
玓,王
玕,干
玕,王
玖,久
玖,王
玗,于
玗,王
玘,己
玘,王
玛,王
玛,马
玟,文
玟,王
玠,介
玠,王
玤,丰
玤,王
玦,王
玩,元
玩,王
玪,今
玪,玉
玫,攵
玫,王
玭,比
玭,王
环,不
环,玉
现,王
现,见
玲,令
玲,王
玷,占
玷,王
玻,王
玻,皮
玼,王
玽,句
玽,玉
珂,可
珂,王
珇,且
珇,王
珈,王
珉,王
珊,王
珌,必
珌,王
珍,王
珕,玉
珙,共
珙,王
珛,王
珝,王
珝,羽
珠,王
珢,玉
珢,艮
珣,王
珦,向
珦,王
珧,王
珩,王
珩,行
班,刂
班,王
珽,王
琀,王
琂,玉
琂,言
球,王
琅,王
琅,良
理,王
理,里
琉,㐬
琉,王
琐,小
琐,王
琐,贝
琖,王
琚,王
琟,玉
琟,隹
琠,王
琡,玉
琢,王
琤,王
琥,王
琨,王
琫,奉
琫,王
琬,王
琮,王
琰,王
琱,王
琲,王
琲,非
琳,王
琴,今
琴,王
琵,比
琶,巴
琼,王
瑀,王
瑂,王
瑄,王
瑎,玉
瑒,玉
瑕,王
瑗,王
瑚,王
瑛,王
瑜,王
瑝,玉
瑞,王
瑟,必
瑟,王
瑣,玉
瑤,玉
瑦,玉
瑬,玉
瑮,玉
瑰,王
瑰,鬼
瑱,王
瑲,玉
瑳,王
瑵,玉
瑾,王
璀,王
璁,王
璃,王
璅,王
璊,玉
璋,王
璏,玉
璐,王
璑,玉
璒,玉
璓,玉
璗,玉
璙,玉
璜,王
璠,王
璡,玉
璣,玉
璥,王
璧,玉
璨,王
璩,王
璪,王
璫,玉
璬,王
環,玉
璱,王
璵,玉
璶,玉
璹,玉
璿,玉
瓃,玉
瓅,玉
瓊,玉
瓏,玉
瓕,弓
瓘,王
瓚,玉
瓛,王
瓞,失
瓞,瓜
瓠,瓜
瓢,瓜
瓣,瓜
瓣,辛
瓤,瓜
瓨,工
瓨,瓦
瓪,瓦
瓬,方
瓬,瓦
瓮,公
瓮,瓦
瓴,令
瓴,瓦
瓵,台
瓵,瓦
瓶,并
瓶,瓦
瓷,瓦
瓽,尚
瓽,瓦
瓿,瓦
甂,瓦
甃,瓦
甄,瓦
甈,瓦
甌,瓦
甑,瓦
甓,瓦
甗,瓦
甚,匹
甚,甘
甛,甘
甛,舌
甜,甘
甜,舌
甥,生
用,丨
用,月
甩,乚
甩,月
甬,用
田,十
田,囗
由,十
由,囗
甲,十
甲,囗
申,十
申,囗
男,力
男,田
甸,勹
甸,田
甹,由
町,丁
町,田
画,一
画,凵
画,田
甿,亡
甿,田
畅,易
畅,申
界,介
界,田
畍,介
畍,田
畏,田
畐,一
畐,口
畐,田
畔,半
畔,田
留,田
畛,田
畜,玄
畜,田
畤,寺
畤,田
略,各
略,田
畦,田
番,田
畬,田
畮,田
畯,田
異,共
異,廾
異,田
畱,田
畴,田
當,尚
當,田
畷,田
畸,田
畹,田
畺,一
畼,田
畾,田
疁,田
疃,田
疄,田
疆,畺
疌,又
疌,止
疌,走
疏,㐬
疏,疋
疑,匕
疑,疋
疑,矢
疑,龴
疕,匕
疕,疒
疗,了
疙,乞
疙,疒
疚,久
疚,疒
疝,山
疝,疒
疟,疒
疢,火
疢,疒
疤,巴
疤,疒
疥,介
疥,疒
疧,氏
疧,疒
疫,殳
疫,疒
疮,仓
疮,疒
疯,疒
疯,风
疲,疒
疲,皮
疴,可
疴,疒
疵,疒
疸,旦
疸,疒
疹,人
疹,彡
疹,疒
疻,只
疻,疒
疼,冬
疼,疒
疽,且
疽,疒
疾,疒
疾,矢
痀,句
痀,疒
痁,占
痁,疒
痂,疒
病,丙
病,疒
症,正
症,疒
痊,疒
痍,疒
痎,疒
痏,疒
痑,疒
痒,疒
痒,羊
痔,寺
痔,疒
痕,疒
痕,艮
痘,疒
痘,豆
痙,疒
痛,疒
痞,疒
痟,疒
痡,甫
痡,疒
痢,疒
痤,疒
痥,疒
痪,奂
痪,疒
痬,易
痬,疒
痰,疒
痱,疒
痱,非
痳,疒
痴,疒
痵,疒
痹,疒
痿,疒
瘀,疒
瘃,疒
瘉,疒
瘌,疒
瘍,疒
瘏,疒
瘏,者
瘕,疒
瘖,疒
瘖,音
瘚,疒
瘛,疒
瘜,疒
瘞,土
瘢,疒
瘣,疒
瘣,鬼
瘤,疒
瘥,疒
瘦,疒
瘧,疒
瘨,疒
瘩,疒
瘪,疒
瘪,自
瘱,心
瘲,疒
瘳,疒
瘵,疒
瘸,疒
瘸,肉
瘻,疒
瘼,疒
瘽,疒
癃,疒
癅,疒
癆,疒
癈,疒
癉,疒
癌,山
癌,疒
癎,疒
癑,疒
癞,疒
癡,疒
癣,疒
癬,疒
癭,疒
癰,疒
癸,天
癸,癶
癹,殳
癹,癶
登,癶
登,豆
發,弓
白,丿
白,日
百,一
百,白
皂,七
皂,白
的,勺
的,白
皅,巴
皅,白
皆,比
皆,白
皇,王
皇,白
皋,白
皎,交
皎,白
皙,白
皚,白
皢,白
皣,白
皤,白
皦,白
皯,干
皯,皮
皰,包
皰,皮
皱,刍
皱,皮
皴,皮
皸,皮
盂,于
盂,皿
盄,皿
盅,中
盅,皿
盆,分
盆,皿
盈,皿
盉,皿
盉,禾
益,水
益,皿
盋,皿
盌,皿
盍,去
盍,皿
盎,央
盎,皿
盏,戋
盏,皿
盐,卜
盐,土
盐,皿
监,皿
盒,合
盒,皿
盔,灰
盔,皿
盖,皿
盖,羊
盗,皿
盘,皿
盘,舟
盛,皿
盟,皿
盡,皿
盦,皿
盧,田
盧,皿
盧,虍
盨,皿
盪,皿
盯,丁
盯,目
盰,干
盰,目
盱,于
盱,目
盲,亡
盲,目
直,十
直,目
相,木
相,目
盹,屯
盹,目
盻,目
盼,分
盼,目
盾,十
盾,厂
盾,目
省,少
省,目
眂,氏
眂,目
眄,目
眅,目
眇,少
眇,目
眈,目
眉,尸
眉,目
眊,毛
眊,目
看,手
看,目
眓,目
眔,目
眔,隶
眕,目
眙,台
眙,目
眚,生
眚,目
眛,未
眛,目
眜,末
眜,目
眝,宁
眝,目
眞,八
真,八
眠,目
眢,目
眣,失
眣,目
眥,目
眨,目
眩,玄
眩,目
眭,目
眮,目
眯,目
眯,米
眵,目
眶,目
眷,夫
眷,目
眸,目
眹,目
眺,目
眼,目
眼,艮
眽,目
着,目
着,羊
睁,目
睅,目
睇,目
睉,目
睊,目
睊,肙
睌,目
睍,目
睒,目
睗,易
睗,目
睘,目
睛,目
睛,青
睞,目
睡,目
睢,目
睢,隹
督,目
睦,目
睨,目
睩,目
睬,目
睴,目
睹,目
睹,者
睼,目
睽,目
瞀,目
瞄,目
瞋,目
瞎,目
瞒,目
瞒,艹
瞗,目
瞚,目
瞟,目
瞤,目
瞥,目
瞦,目
瞧,目
瞪,目
瞫,目
瞬,目
瞭,目
瞯,目
瞴,目
瞵,目
瞻,目
瞼,目
瞽,目
瞽,鼓
瞿,目
瞿,隹
矆,目
矇,目
矉,目
矔,目
矕,目
矘,目
矜,今
矜,矛
矞,矛
矠,矛
矢,丿
矢,天
矣,以
矣,矢
知,口
知,矢
矦,亻
矦,厂
矩,巨
矩,矢
矫,矢
短,矢
短,豆
矮,矢
矯,矢
矰,矢
石,一
石,丿
石,口
矾,石
矿,广
矿,石
码,石
码,马
砂,少
砂,石
砅,水
砅,石
砌,石
砍,欠
砍,石
研,石
砖,专
砖,石
砚,石
砚,见
砢,可
砢,石
砧,占
砧,石
砭,石
砮,石
砰,平
砰,石
破,皮
破,石
砸,石
砾,乐
砾,石
础,出
础,石
硅,石
硈,吉
硈,石
硕,石
硕,页
硝,石
硞,石
硟,石
硠,石
硠,良
硩,石
硪,石
硫,㐬
硫,石
硬,石
确,石
确,角
硯,石
硼,石
硾,石
碉,石
碌,石
碍,石
碎,石
碑,石
碓,石
碓,隹
碗,石
碘,石
碝,石
碟,石
碣,石
碧,王
碧,白
碧,石
碩,石
碩,页
碬,石
碭,石
碰,石
碱,咸
碱,石
碳,石
碴,石
碾,石
磁,石
磅,石
磏,兼
磏,石
磑,石
磒,石
磔,石
磕,石
磛,石
磧,石
磨,石
磨,麻
磯,石
磷,石
磺,石
磻,石
磽,石
磿,石
礁,石
礊,石
礎,石
礙,石
礜,石
礩,石
礪,石
礫,石
礱,石
礹,石
示,二
示,小
礼,乚
礼,礻
社,土
社,礻
礿,勺
礿,礻
祀,礻
祁,礻
祁,邑
祆,天
祆,礻
祇,氏
祇,礻
祈,斤
祈,礻
祉,止
祉,礻
祋,殳
祋,示
祋,礻
祏,石
祏,礻
祐,礻
祓,礻
祔,礻
祕,必
祕,礻
祖,且
祖,礻
祗,礻
祚,乍
祚,礻
祝,兄
祝,礻
神,申
神,礻
祟,出
祟,示
祠,礻
祡,礻
祥,礻
祥,羊
祧,礻
票,示
票,覀
祪,礻
祭,示
祰,礻
祳,礻
祳,辰
祴,戒
祴,礻
祷,礻
祸,呙
祸,礻
祺,其
祺,礻
祼,礻
祿,礻
禀,亠
禀,示
禁,示
禂,礻
禋,礻
禍,礻
禎,礻
福,畐
福,礻
禓,礻
禔,礻
禖,礻
禘,礻
禛,礻
禠,礻
禡,礻
禦,礻
禧,礻
禪,礻
禫,礻
禬,礻
禮,礻
禰,礻
禱,礻
禳,礻
禷,礻
禺,禸
离,冂
离,厶
离,屮
禽,人
禾,丿
禾,木
秀,乃
秀,禾
私,厶
私,禾
秃,几
秃,禾
秄,子
秄,禾
秅,禾
秆,干
秆,禾
秉,禾
秊,千
秊,禾
秋,火
秋,禾
种,中
种,禾
秏,毛
秏,禾
科,斗
科,禾
秒,少
秒,禾
秔,亢
秔,禾
秕,比
秕,禾
秘,必
秘,禾
秜,尼
秜,禾
租,且
租,禾
秠,禾
秤,平
秤,禾
秦,禾
秧,央
秧,禾
秨,乍
秨,禾
秩,失
秩,禾
秫,禾
秭,禾
积,只
积,禾
称,禾
秳,禾
秸,吉
秸,禾
移,禾
秽,禾
稀,禾
稃,孚
稃,禾
稅,禾
稈,禾
程,禾
稌,禾
稍,禾
税,禾
稑,禾
稔,禾
稕,禾
稗,禾
稘,其
稘,禾
稙,禾
稚,禾
稚,隹
稛,禾
稞,禾
稟,禾
稠,禾
稬,禾
稭,禾
種,禾
稯,禾
稱,禾
稳,禾
稴,兼
稴,禾
稷,禾
稹,禾
稺,禾
稻,禾
稼,禾
稽,尤
稽,禾
稾,禾
稾,高
稿,禾
稿,高
穀,士
穀,殳
穀,禾
穄,禾
穅,禾
穅,米
穆,禾
穊,禾
穌,禾
穌,鱼
積,禾
穎,禾
穖,禾
穗,禾
穜,禾
穟,禾
穧,禾
穫,禾
穬,禾
穮,禾
穰,禾
穴,八
穴,宀
穵,乙
穵,穴
究,九
究,穴
穷,力
穷,穴
穸,夕
穸,穴
穹,弓
穹,穴
空,工
空,穴
穿,牙
穿,穴
窀,屯
窀,穴
突,犬
突,穴
窃,穴
窄,乍
窄,穴
窆,穴
窈,穴
窊,瓜
窊,穴
窌,穴
窍,穴
窐,穴
窑,穴
窑,缶
窒,穴
窒,至
窔,交
窔,穴
窕,穴
窖,穴
窗,穴
窘,穴
窜,穴
窝,呙
窝,穴
窞,穴
窟,穴
窠,穴
窡,穴
窣,穴
窥,穴
窨,穴
窨,音
窬,穴
窯,穴
窱,穴
窳,穴
窴,穴
窵,穴
窺,穴
窻,穴
窿,穴
竁,穴
竂,穴
竅,穴
竆,穴
立,一
立,丷
立,亠
竖,又
竖,立
竘,句
竘,立
站,占
站,立
竝,立
竞,兄
竞,立
竟,儿
竟,音
章,十
章,音
竢,立
竣,立
童,立
童,里
竦,立
竫,立
竭,立
端,立
竱,立
竲,立
竵,立
競,二
竷,夊
竺,二
竺,竹
竽,⺮
竽,亏
竿,⺮
竿,干
笄,⺮
笆,⺮
笆,巴
笋,⺮
笍,内
笍,竹
笏,⺮
笏,勿
笐,⺮
笐,亢
笑,⺮
笔,⺮
笔,毛
笘,占
笘,竹
笙,⺮
笙,生
笛,⺮
笛,由
笞,⺮
笞,台
笠,⺮
笠,立
笢,竹
笤,⺮
笥,⺮
符,⺮
笨,⺮
笨,本
笪,⺮
笪,旦
笫,⺮
第,⺮
第,丿
笭,⺮
笭,令
笮,⺮
笮,乍
笯,⺮
笱,⺮
笱,句
笼,⺮
笼,龙
笿,各
笿,竹
筆,竹
筆,聿
等,⺮
等,寺
筊,⺮
筊,交
筋,⺮
筋,力
筋,月
筍,竹
筏,⺮
筐,⺮
筑,⺮
筒,⺮
答,⺮
答,合
策,⺮
筛,⺮
筝,⺮
筟,孚
筟,竹
筠,⺮
筡,竹
筤,⺮
筤,良
筥,⺮
筦,⺮
筩,竹
筭,⺮
筮,⺮
筰,⺮
筱,⺮
筳,⺮
筵,⺮
筷,⺮
筹,⺮
签,⺮
签,佥
简,⺮
箁,竹
箄,竹
箅,⺮
箇,竹
箋,竹
箍,⺮
箍,扌
箏,竹
箑,⺮
箕,⺮
箕,其
算,⺮
算,廾
算,目
箘,⺮
箙,⺮
箛,⺮
箝,⺮
箠,竹
管,⺮
箩,⺮
箬,⺮
箭,⺮
箯,⺮
箱,⺮
箴,⺮
箴,咸
箸,⺮
箸,者
箹,竹
箾,⺮
節,即
節,竹
篁,⺮
篅,竹
篆,⺮
篇,⺮
築,木
篍,竹
篎,竹
篓,⺮
篙,⺮
篙,高
篚,⺮
篝,⺮
篡,厶
篤,⺮
篤,竹
篤,马
篦,⺮
篨,⺮
篮,⺮
篰,⺮
篱,⺮
篳,竹
篷,⺮
篸,竹
篼,⺮
篽,竹
篿,竹
簀,竹
簁,⺮
簃,⺮
簇,⺮
簋,⺮
簋,皿
簋,艮
簍,竹
簏,⺮
簏,鹿
簙,竹
簜,⺮
簝,⺮
簞,竹
簟,⺮
簠,⺮
簠,甫
簠,皿
簡,竹
簦,⺮
簧,⺮
簫,竹
簬,⺮
簸,⺮
簸,其
簸,皮
簺,竹
簾,竹
簿,⺮
簿,寸
簿,氵
簿,甫
籃,竹
籆,竹
籋,竹
籌,竹
籍,⺮
籑,食
籒,⺮
籓,⺮
籔,竹
籚,⺮
籟,竹
籠,竹
籢,竹
籣,⺮
籤,竹
籥,⺮
籥,龠
籧,⺮
籫,⺮
籭,⺮
籭,鹿
籯,⺮
籱,竹
米,丷
米,木
籹,女
籹,米
类,大
类,米
籽,子
籽,米
粈,丑
粈,米
粉,分
粉,米
粒,立
粒,米
粔,巨
粔,米
粕,白
粕,米
粗,且
粗,米
粘,占
粘,米
粟,米
粟,覀
粤,丶
粤,亏
粥,弓
粥,米
粦,米
粦,舛
粪,共
粪,米
粮,米
粮,良
粱,氵
粱,米
粲,又
粲,米
粵,亏
粹,米
粺,米
粻,米
精,米
精,青
糂,米
糈,米
糉,米
糊,米
糕,米
糖,米
糗,米
糙,米
糜,米
糜,麻
糟,米
糠,米
糧,米
糪,米
糯,米
糱,米
糴,入
糶,出
系,丿
系,糸
紀,己
紀,纟
紃,川
紃,纟
約,勺
約,纟
紅,工
紅,纟
紆,于
紆,纟
紇,气
紇,纟
紈,丸
紈,纟
紉,刃
紉,纟
紊,文
紊,糸
納,内
納,纟
紐,丑
紐,纟
紑,不
紑,纟
紓,纟
純,屯
純,纟
紕,比
紕,纟
紖,纟
紘,纟
紙,氏
紙,纟
級,及
級,纟
紛,分
紛,纟
紝,纟
紞,纟
紟,今
紟,纟
素,丰
素,糸
紡,方
紡,纟
索,冖
索,十
索,糸
紧,又
紧,糸
紨,纟
紩,失
紩,纟
紫,糸
紬,由
紬,纟
累,田
累,糸
細,囟
細,纟
紲,纟
紳,申
紳,纟
紴,皮
紴,纟
紵,宁
紵,纟
紹,纟
紺,甘
紺,纟
紻,央
紻,纟
紼,纟
紾,纟
紿,台
紿,纟
絀,出
絀,纟
終,冬
終,纟
組,且
組,纟
絅,纟
絆,半
絆,纟
絇,句
絇,纟
結,吉
結,纟
絑,纟
絓,纟
絕,刀
絕,卩
絙,纟
絛,纟
絜,糸
絝,纟
絞,交
絞,糸
絟,纟
絠,纟
絡,各
絡,纟
絢,纟
絣,幷
絣,纟
絥,纟
給,合
給,纟
絩,纟
絫,厽
絫,糸
絬,纟
絬,舌
絭,丷
絭,夫
絭,糸
絭,纟
絮,糸
絰,纟
絰,至
統,纟
絳,纟
絹,纟
絹,肙
絺,纟
絿,纟
綀,纟
綃,纟
綆,纟
綈,纟
綊,纟
綌,纟
綌,谷
綎,纟
綏,纟
經,纟
綜,纟
綝,纟
綟,纟
綢,纟
綣,纟
綥,纟
綪,纟
綪,青
綫,纟
綬,纟
維,纟
維,隹
綮,糸
綰,纟
綱,纟
綴,糸
綸,纟
綹,纟
綺,纟
綾,纟
緀,纟
緁,纟
緂,纟
緃,纟
緅,纟
緆,易
緆,纟
緇,纟
緈,纟
緉,纟
緋,纟
緋,非
緌,纟
緍,纟
緑,纟
緒,纟
緒,者
緗,纟
緘,咸
緘,纟
緛,纟
緝,纟
緟,纟
締,纟
緢,纟
緣,纟
緥,纟
緦,纟
緧,纟
編,纟
緪,纟
緬,纟
緬,面
緭,纟
緯,纟
緰,纟
練,柬
練,纟
緶,纟
緷,纟
緹,纟
緺,纟
緻,纟
縉,纟
縊,纟
縋,纟
縌,纟
縎,纟
縎,骨
縐,纟
縑,兼
縑,纟
縒,纟
縓,纟
縕,纟
縗,纟
縛,纟
縜,纟
縞,纟
縞,高
縟,纟
縠,士
縠,殳
縠,糸
縡,纟
縢,纟
縪,纟
縫,纟
縭,纟
縮,纟
縱,纟
縳,纟
縵,纟
縷,纟
縹,纟
縻,糸
縻,麻
縼,纟
總,纟
績,纟
縿,纟
繀,纟
繁,攵
繁,糸
繃,纟
繄,糸
繅,纟
繆,纟
繈,纟
繎,纟
繐,纟
繑,纟
繒,纟
織,纟
繕,纟
繖,纟
繘,纟
繙,纟
繚,纟
繜,纟
繞,纟
繟,纟
繠,糸
繡,纟
繢,纟
繪,纟
繫,糸
繫,纟
繭,丨
繭,冂
繭,纟
繭,艹
繭,虫
繮,畺
繮,纟
繰,纟
繴,糸
繴,纟
繹,纟
繻,纟
繾,纟
纀,纟
纁,纟
纂,糸
纅,纟
纇,米
纇,糸
纇,纟
纇,页
纊,纟
續,纟
纍,糸
纍,纟
纏,纟
纑,纟
纓,纟
纔,纟
纕,纟
纖,纟
纗,纟
纘,纟
纚,纟
纠,纟
红,纟
纤,千
纤,纟
约,勺
约,纟
级,及
级,纟
纪,己
纪,纟
纫,刃
纫,纟
纬,纟
纬,韦
纯,屯
纯,纟
纱,少
纱,纟
纲,冈
纲,纟
纳,内
纳,纟
纵,纟
纷,分
纷,纟
纸,氏
纸,纟
纹,文
纹,纟
纺,方
纺,纟
纽,丑
纽,纟
线,戋
线,纟
练,一
练,东
练,纟
组,且
组,纟
绅,申
绅,纟
细,田
织,只
织,纟
终,冬
终,纟
绉,刍
绉,纟
绊,半
绊,纟
绍,纟
绎,又
绎,纟
经,坙
经,纟
绑,纟
绒,戎
绒,纟
结,吉
结,纟
绕,尧
绕,纟
绘,纟
给,合
给,纟
络,各
络,纟
绝,纟
绝,色
绞,交
绞,纟
统,纟
绢,纟
绢,肙
绣,纟
继,米
继,纟
绩,纟
绩,责
绪,纟
绪,者
续,纟
绰,纟
绳,纟
绳,黾
维,纟
维,隹
绵,纟
绷,纟
绸,纟
综,纟
绽,纟
绿,纟
缀,纟
缅,纟
缅,面
缆,纟
缎,纟
缓,纟
缔,纟
缕,纟
编,纟
缘,纟
缚,纟
缝,纟
缠,广
缠,纟
缠,里
缤,纟
缩,纟
缭,纟
缰,畺
缰,纟
缳,纟
缴,纟
缸,工
缸,缶
缺,缶
缾,幷
缾,缶
缿,缶
罄,缶
罅,缶
罊,缶
罌,缶
罐,缶
网,冂
罕,干
罗,夕
罗,罒
罙,八
罙,冖
罙,木
罚,刂
罚,罒
罚,讠
罛,瓜
罛,罒
罜,罒
罝,且
罝,罒
罟,古
罟,罒
罠,罒
罢,去
罢,罒
罧,罒
罨,罒
罩,罒
罪,罒
罪,非
罬,罒
罭,或
罭,罒
置,罒
罯,罒
罯,音
署,罒
署,者
罳,罒
罵,罒
罻,罒
罽,罒
罾,罒
罿,罒
羅,罒
羊,丨
羊,丷
羋,丨
羋,羊
羌,亻
羌,羊
羍,大
羍,羊
美,大
美,羊
羑,久
羑,羊
羒,分
羒,羊
羔,灬
羔,羊
羕,永
羕,羊
羖,殳
羖,羊
羜,宁
羜,羊
羝,羊
羞,丑
羞,羊
羠,羊
羡,羊
羣,羊
群,羊
羥,羊
羨,⺷
羭,羊
羯,羊
羳,羊
羸,亡
羸,口
羸,月
羸,羊
羽,习
翁,公
翁,羽
翄,支
翄,羽
翅,支
翅,羽
翇,羽
翊,立
翊,羽
翎,令
翎,羽
翏,羽
習,白
習,羽
翔,羊
翔,羽
翕,合
翕,羽
翘,尧
翘,羽
翜,羽
翟,羽
翟,隹
翠,羽
翡,羽
翡,非
翣,羽
翥,羽
翥,者
翦,羽
翨,羽
翩,羽
翫,元
翬,羽
翮,羽
翮,鬲
翯,羽
翯,高
翰,人
翰,十
翰,日
翰,羽
翱,羽
翳,羽
翹,羽
翻,羽
翼,羽
翽,羽
翾,羽
翿,羽
老,匕
老,耂
考,耂
者,日
者,耂
耆,日
耆,老
耍,女
耍,而
耎,而
耏,彡
耏,而
耐,寸
耐,而
耑,山
耑,而
耕,井
耕,耒
耗,毛
耗,耒
耘,云
耘,耒
耙,巴
耙,耒
耡,耒
耤,耒
耦,耒
耶,⻏
耶,耳
耸,耳
耻,止
耻,耳
耼,耳
耽,耳
耿,火
耿,耳
聂,又
聂,耳
聅,矢
聅,耳
聆,令
聆,耳
聉,出
聉,耳
聊,耳
聋,耳
聋,龙
职,只
职,耳
聒,耳
联,耳
聖,口
聖,王
聖,耳
聘,耳
聝,或
聝,耳
聞,耳
聥,耳
聪,耳
聰,耳
聱,耳
聲,耳
聵,耳
職,耳
聸,耳
聾,耳
聿,一
肁,戶
肁,聿
肃,丨
肃,丿
肃,八
肄,匕
肄,矢
肄,聿
肆,聿
肊,乙
肊,月
肋,力
肋,月
肌,几
肌,月
肍,九
肍,肉
肎,肉
肒,丸
肒,肉
肓,亡
肓,月
肖,小
肘,寸
肘,月
肙,囗
肙,月
肚,土
肚,月
肛,工
肛,月
肝,干
肝,月
肠,易
肠,月
股,月
股,殳
肢,支
肢,月
肤,夫
肤,月
肥,巴
肥,月
肧,不
肧,肉
肩,户
肩,月
肪,方
肪,月
肫,屯
肫,月
肬,尤
肬,月
肭,内
肭,月
肮,亢
肮,月
肯,月
肯,止
育,亠
育,厶
育,月
肴,乂
肸,十
肺,月
肾,又
肾,月
肿,中
肿,月
胀,月
胀,长
胁,办
胁,月
胂,月
胂,申
胃,月
胃,田
胄,月
胄,由
胄,肉
胅,失
胅,肉
胆,旦
胆,月
背,北
胎,台
胎,月
胑,只
胑,月
胖,半
胖,月
胗,月
胙,乍
胙,月
胚,月
胜,月
胜,生
胝,月
胞,包
胞,月
胠,去
胠,月
胡,古
胡,月
胤,丿
胤,乚
胤,幺
胥,疋
胧,月
胧,龙
胯,月
胰,月
胲,月
胳,各
胳,月
胵,肉
胵,至
胶,交
胶,月
胸,月
胹,月
胹,而
胻,月
胻,行
能,匕
能,厶
能,月
胾,月
脂,月
脃,肉
脅,月
脅,肉
脆,月
脉,月
脉,永
脊,二
脊,人
脊,月
脊,肉
脏,庄
脏,月
脐,月
脐,齐
脑,乂
脑,亠
脑,凵
脑,月
脓,月
脖,孛
脖,月
脘,月
脙,肉
脚,月
脛,坙
脛,肉
脜,肉
脟,肉
脠,肉
脢,月
脣,肉
脣,辰
脧,月
脩,月
脪,肉
脫,肉
脬,孚
脬,月
脯,月
脯,甫
脰,月
脰,豆
脱,月
脸,佥
脸,月
脼,肉
脽,肉
脽,隹
脾,月
腄,月
腆,月
腊,月
腋,月
腌,月
腎,肉
腏,肉
腐,肉
腒,月
腓,月
腓,非
腔,月
腕,月
腜,月
腝,肉
腥,月
腨,肉
腫,肉
腬,月
腮,月
腯,月
腰,月
腳,肉
腴,月
腸,肉
腹,月
腺,月
腻,月
腾,丷
腾,夫
腾,月
腾,马
腿,月
膀,月
膊,月
膌,月
膍,肉
膎,肉
膏,月
膏,高
膘,月
膛,月
膜,月
膝,月
膞,肉
膠,肉
膢,肉
膨,月
膩,肉
膫,月
膬,月
膮,肉
膳,月
膴,月
膹,肉
膻,月
膽,肉
膾,肉
臀,月
臂,月
臇,月
臊,月
臑,月
臘,肉
臚,肉
臞,月
臤,又
臤,臣
臧,臣
自,丿
臬,木
臬,自
臭,犬
臭,自
臮,自
至,一
至,厶
至,土
致,夊
致,至
臺,之
臺,高
臻,至
臽,刀
臽,臼
臿,千
臿,臼
舀,爫
舀,臼
舁,廾
舅,臼
與,与
舊,臼
舊,艹
舊,隹
舌,千
舌,口
舍,人
舍,舌
舓,易
舓,舌
舞,舛
航,亢
航,舟
舫,方
舫,舟
般,殳
般,舟
舰,舟
舰,见
舱,仓
舱,舟
舳,由
舳,舟
舵,它
舵,舟
舶,白
舶,舟
舷,玄
舷,舟
舸,可
舸,舟
船,八
船,口
船,舟
艅,舟
艇,舟
艎,舟
艐,舟
艘,舟
艫,舟
良,艮
艰,又
艰,艮
艱,艮
色,刀
色,巴
艳,丰
艳,色
艴,色
艵,并
艵,色
艺,乙
艺,艹
艼,丁
艽,九
艽,艹
艾,乂
艾,艹
艿,乃
艿,艹
芀,刀
芀,艹
节,卩
节,艹
芃,艹
芄,丸
芄,艹
芊,千
芊,艹
芋,于
芋,艹
芍,勺
芍,艹
芐,下
芑,己
芑,艹
芒,亡
芒,艹
芓,子
芘,比
芘,艹
芙,夫
芙,艹
芜,无
芜,艹
芝,之
芝,艹
芟,殳
芟,艹
芡,欠
芡,艹
芣,不
芣,艹
芥,介
芥,艹
芦,户
芧,艹
芨,及
芨,艹
芩,今
芩,艹
芪,氏
芪,艹
芫,元
芫,艹
芬,分
芭,巴
芭,艹
芮,内
芮,艹
芯,心
芯,艹
芰,支
芰,艹
芳,方
芳,艹
芴,勿
芴,艹
芸,云
芸,艹
芹,斤
芼,毛
芼,艹
芽,牙
芽,艹
苇,艹
苇,韦
苍,仓
苏,艹
苑,艹
苓,令
苓,艹
苔,台
苔,艹
苕,艹
苖,由
苗,田
苗,艹
苛,可
苛,艹
苞,包
苞,艹
苟,句
苟,艹
苣,巨
苣,艹
若,艹
苦,古
苦,艹
苫,占
苫,艹
英,央
英,艹
苳,冬
苴,且
苴,艹
苵,失
苷,甘
苷,艹
苹,平
苹,艹
苺,母
苺,艹
苽,瓜
苾,必
苾,艹
茀,艹
茁,出
茁,艹
茂,艹
范,艹
茄,艹
茅,矛
茅,艹
茇,艹
茈,艹
茉,末
茉,艹
茍,句
茍,艹
茎,坙
茎,艹
茖,各
茖,艹
茗,艹
茜,艹
茜,西
茝,艹
茞,臣
茞,艹
茢,艹
茥,艹
茦,艹
茧,艹
茧,虫
茨,艹
茫,亡
茫,氵
茫,艹
茬,艹
茭,交
茭,艹
茱,艹
茴,艹
茵,艹
茶,人
茶,木
茶,艹
茷,艹
茸,耳
茸,艹
茹,艹
荀,艹
荃,艹
荄,艹
荅,合
荅,艹
荆,艹
草,艹
荋,而
荎,至
荏,艹
荐,存
荐,艹
荑,艹
荒,艹
荓,并
荔,艹
荚,艹
荞,艹
荠,艹
荠,齐
荡,艹
荣,冖
荣,木
荣,艹
荤,艹
荧,冖
荧,火
荧,艹
药,艹
荲,里
荵,艹
荷,艹
荸,孛
荸,艹
荼,艹
莆,甫
莆,艹
莉,艹
莎,艹
莒,艹
莕,艹
莙,艹
莛,艹
莝,艹
莞,艹
莠,艹
莤,艹
莤,酉
莦,艹
莨,良
莨,艹
莩,孚
莩,艹
莪,艹
莫,大
莫,曰
莫,艹
莱,艹
莲,艹
获,犬
获,犭
获,艹
莹,冖
莹,玉
莹,艹
莺,冖
莺,艹
莺,鸟
莽,犬
莿,艹
菀,艹
菁,艹
菁,青
菅,艹
菆,艹
菇,艹
菉,艹
菊,艹
菌,艹
菏,艹
菐,廾
菔,艹
菜,艹
菠,艹
菣,艹
菩,艹
菱,艹
菲,艹
菲,非
菳,金
菶,奉
菶,艹
菸,艹
菹,艹
菻,艹
萁,其
萁,艹
萃,艹
萄,匋
萄,艹
萅,日
萅,艹
萆,艹
萋,艹
萌,艹
萍,平
萍,氵
萍,艹
萎,艹
萐,艹
萑,艹
萑,隹
萝,艹
萤,冖
萤,艹
萤,虫
营,冖
营,吕
营,艹
萧,艹
萨,艹
萨,阝
萩,艹
萸,艹
落,艹
葆,艹
葍,畐
葍,艹
葎,艹
葑,艹
著,者
著,艹
葚,艹
葛,艹
葡,艹
董,艹
葥,艹
葩,艹
葫,艹
葬,廾
葬,艹
葭,艹
葱,艹
葴,咸
葴,艹
葵,艹
葺,艹
葽,艹
蒂,艹
蒋,艹
蒐,艹
蒐,鬼
蒙,艹
蒚,鬲
蒜,艹
蒟,艹
蒢,艹
蒲,艹
蒸,艹
蒹,兼
蒹,艹
蒻,艹
蒿,艹
蒿,高
蓁,艹
蓂,艹
蓄,艹
蓉,艹
蓍,艹
蓏,艹
蓐,艹
蓖,囟
蓖,比
蓖,艹
蓝,艹
蓬,艹
蓱,艹
蓷,艹
蓸,艹
蓼,艹
蔇,艹
蔎,艹
蔑,罒
蔑,艹
蔓,艹
蔗,艹
蔚,艹
蔟,艹
蔡,艹
蔫,艹
蔬,艹
蔺,艹
蔺,门
蔺,隹
蔼,艹
蔽,艹
蕃,艹
蕈,艹
蕉,艹
蕊,艹
蕝,艹
蕡,艹
蕣,艹
蕤,艹
蕧,艹
蕨,艹
蕰,艹
蕾,艹
薁,艹
薄,艹
薇,艹
薉,艹
薖,艹
薛,艹
薛,辛
薜,艹
薠,艹
薢,艹
薪,艹
薯,艹
薰,艹
薳,艹
薶,艹
薻,水
薻,氵
薽,艹
薾,艹
薿,艹
藄,艹
藉,艹
藋,艹
藏,艹
藐,艹
藕,艹
藚,艹
藜,艹
藟,艹
藤,艹
藨,艹
藩,艹
藹,讠
藻,艹
蘇,艹
蘑,艹
蘘,艹
蘥,龠
蘧,艹
蘸,艹
蘸,酉
蘻,艹
蘽,木
虎,几
虎,虍
虏,力
虏,虍
虐,虍
虑,心
虑,虍
虒,𠂆
虓,九
虔,文
虔,虍
虖,虍
虘,且
虘,虍
虙,必
虙,虍
虚,业
虚,虍
虛,丘
虛,虍
虜,力
虜,虍
虞,虍
虧,亏
虨,彡
虨,虍
虫,厶
虯,虫
虱,一
虱,乁
虱,虫
虴,虫
虹,工
虹,虫
虺,虫
虽,口
虽,虫
虾,下
虾,虫
蚀,虫
蚀,饣
蚁,义
蚁,虫
蚂,虫
蚂,马
蚊,文
蚊,虫
蚌,丰
蚌,虫
蚑,支
蚑,虫
蚓,虫
蚔,氏
蚔,虫
蚕,天
蚕,虫
蚖,元
蚖,虫
蚗,虫
蚚,斤
蚚,虫
蚜,牙
蚜,虫
蚣,公
蚣,虫
蚤,叉
蚤,虫
蚦,虫
蚨,夫
蚨,虫
蚩,一
蚩,虫
蚪,斗
蚪,虫
蚯,丘
蚯,虫
蚳,虫
蚼,句
蚼,虫
蛀,虫
蛁,虫
蛄,古
蛄,虫
蛅,占
蛅,虫
蛆,且
蛆,虫
蛇,它
蛇,虫
蛉,令
蛉,虫
蛋,疋
蛋,虫
蛓,虫
蛔,虫
蛕,虫
蛘,羊
蛘,虫
蛙,虫
蛚,虫
蛛,虫
蛟,交
蛟,虫
蛢,并
蛢,虫
蛣,吉
蛣,虫
蛤,合
蛤,虫
蛧,网
蛧,虫
蛩,虫
蛫,虫
蛭,至
蛭,虫
蛮,虫
蛵,虫
蛸,虫
蛹,虫
蛺,虫
蛾,虫
蜀,勹
蜀,罒
蜀,虫
蜂,夆
蜂,虫
蜃,虫
蜃,辰
蜆,虫
蜈,虫
蜉,虫
蜋,良
蜋,虫
蜎,肙
蜎,虫
蜑,虫
蜒,虫
蜓,虫
蜕,虫
蜗,呙
蜗,虫
蜘,虫
蜙,虫
蜜,宀
蜜,必
蜜,虫
蜡,虫
蜢,虫
蜥,虫
蜦,虫
蜨,虫
蜩,虫
蜭,虫
蜮,或
蜮,虫
蜰,虫
蜹,虫
蜺,虫
蜻,虫
蜻,青
蜼,虫
蜼,隹
蜽,虫
蝀,虫
蝁,虫
蝇,虫
蝇,黾
蝉,虫
蝌,虫
蝎,虫
蝑,虫
蝒,虫
蝒,面
蝓,虫
蝗,虫
蝘,虫
蝙,虫
蝚,虫
蝝,虫
蝠,畐
蝠,虫
蝡,虫
蝤,虫
蝥,虫
蝦,虫
蝮,虫
蝯,虫
蝱,亡
蝴,虫
蝶,虫
蝸,虫
螃,虫
螇,虫
螉,虫
螊,兼
螊,虫
螌,虫
融,虫
融,鬲
螕,虫
螘,虫
螝,虫
螝,鬼
螟,虫
螣,虫
螫,虫
螭,虫
螮,虫
螳,虫
螶,巨
螸,虫
螺,虫
螻,虫
螼,虫
螾,虫
蟀,虫
蟄,虫
蟅,虫
蟆,虫
蟉,虫
蟊,矛
蟋,虫
蟘,虫
蟜,虫
蟠,虫
蟣,虫
蟥,虫
蟨,虫
蟪,虫
蟫,虫
蟬,虫
蟯,虫
蟰,虫
蟹,虫
蟺,虫
蠁,虫
蠃,亡
蠃,口
蠃,月
蠃,虫
蠅,虫
蠇,虫
蠉,虫
蠏,虫
蠓,虫
蠕,虫
蠖,虫
蠗,虫
蠛,虫
蠜,大
蠜,爻
蠜,虫
蠢,虫
蠥,虫
蠪,虫
蠰,虫
蠱,皿
蠵,虫
蠸,虫
蠻,虫
血,丿
血,皿
衁,亡
衁,血
衃,不
衃,血
衄,丑
衄,血
衅,半
衅,血
衊,血
行,彳
衍,氵
衍,行
衎,干
衎,行
術,术
術,行
衔,行
衔,钅
衕,行
街,行
衙,行
衡,行
衢,行
补,卜
补,衤
衦,干
衦,衣
衧,于
衧,衣
衩,叉
衩,衤
衫,彡
衫,衤
衬,寸
衬,衤
衭,夫
衭,衤
衮,公
衮,衣
衯,分
衯,衣
衰,衣
衵,日
衵,衤
衷,中
衷,衣
衸,介
衸,衣
衺,牙
衺,衣
衽,衤
衾,今
衾,衣
袁,口
袁,土
袁,衣
袂,衤
袄,衤
袉,它
袉,衣
袋,衣
袌,包
袌,衣
袍,包
袍,衤
袑,衣
袒,旦
袒,衤
袓,且
袓,衣
袖,由
袖,衤
袗,衤
袚,衤
袛,衣
袜,末
袜,衤
袢,半
袢,衤
袤,矛
袤,衣
袥,石
袥,衣
袨,玄
袨,衣
袪,去
袪,衤
被,皮
被,衤
袭,衣
袭,龙
袱,衤
袳,衣
袷,合
袷,衤
袺,吉
袺,衤
袾,衣
裁,十
裁,戈
裁,衣
裂,衣
装,衣
裆,衤
裋,衤
裋,豆
裎,衤
裏,衣
裏,里
裔,衣
裕,衤
裕,谷
裘,衣
裙,衤
裛,衣
裛,邑
補,甫
補,衣
裝,衣
裞,衣
裤,衤
裨,衤
裯,衤
裳,尚
裳,衣
裵,衣
裵,非
裸,衤
裹,衣
裺,衣
裻,衣
裼,易
裼,衤
製,衣
裾,衤
褂,衤
褆,衣
複,衣
褊,衤
褍,衣
褎,禾
褎,衣
褐,衤
褒,衣
褕,衤
褗,衣
褘,衣
褚,者
褚,衤
褢,衣
褢,鬼
褥,衤
褧,衣
褫,衤
褭,衣
褸,衣
褻,衣
褿,衣
襁,衤
襄,衣
襋,衤
襌,衤
襐,衣
襑,衣
襖,衣
襗,衣
襘,衣
襚,衤
襛,衤
襜,衤
襞,衣
襟,衤
襡,衤
襤,衣
襦,衤
襭,衤
襮,衤
襱,衣
襺,衣
要,女
要,覀
覆,覀
見,儿
見,目
規,夫
覒,毛
覕,必
覘,占
观,又
观,见
规,夫
规,见
觅,爫
觅,见
视,礻
视,见
览,见
觉,冖
觉,小
觉,见
觓,角
觚,瓜
觚,角
觛,旦
觛,角
觜,角
觟,角
觠,丷
觠,夫
觠,角
觡,各
觡,角
觢,角
解,刀
解,牛
解,角
觤,角
触,虫
触,角
觬,角
觭,角
觰,者
觰,角
觳,士
觳,殳
觳,角
觵,角
觶,角
觸,角
觻,角
觼,角
觿,角
言,二
言,亠
言,口
訂,丁
訂,讠
訄,九
訄,言
訆,讠
計,十
計,讠
訊,讠
訌,工
訌,讠
討,寸
討,讠
訏,于
訏,讠
訐,干
訐,讠
訒,刃
訒,讠
訓,川
訓,讠
訕,山
訕,讠
訖,气
訖,讠
託,讠
記,己
記,讠
訝,牙
訝,讠
訟,公
訟,讠
訢,斤
訢,讠
訥,内
訥,讠
訦,讠
訧,尤
訧,讠
訪,方
訪,讠
訬,少
訬,讠
設,殳
設,讠
許,午
許,讠
訶,可
訶,讠
訹,术
訹,讠
診,讠
証,正
証,讠
訾,言
詁,古
詁,讠
詄,失
詄,讠
詆,讠
詇,央
詇,讠
詈,罒
詈,言
詍,讠
詎,巨
詎,讠
詐,乍
詐,讠
詑,它
詑,讠
詒,台
詒,讠
詔,讠
詖,皮
詖,讠
詗,讠
詘,出
詘,讠
詛,且
詛,讠
詞,言
詞,讠
詠,永
詠,讠
詡,羽
詡,讠
詢,讠
詣,讠
詤,讠
詥,合
詥,讠
試,式
試,讠
詩,寺
詩,讠
詪,讠
詬,讠
詭,讠
詮,讠
詯,自
詯,讠
詰,吉
詰,讠
話,讠
該,讠
詳,羊
詳,讠
詵,讠
詶,讠
詷,讠
詹,八
詹,言
詻,各
詻,讠
詽,讠
詾,讠
詿,讠
誂,讠
誃,讠
誄,耒
誄,讠
誅,讠
誇,讠
誉,言
誊,丷
誊,夫
誊,言
誋,讠
誌,讠
誎,讠
誐,讠
誑,讠
誒,讠
誓,言
誕,讠
誖,孛
誖,讠
語,讠
誠,讠
誡,戒
誡,讠
誣,讠
誤,讠
誥,讠
誦,讠
誧,甫
誧,讠
誨,讠
誰,讠
誰,隹
課,讠
誶,讠
誹,讠
誹,非
誻,讠
誽,讠
誾,言
誾,讠
調,讠
諄,讠
諅,其
諅,言
諅,讠
諆,其
諆,讠
談,讠
諈,讠
諉,讠
請,讠
請,青
諍,讠
諎,讠
諏,讠
諒,讠
諓,讠
諕,言
論,讠
諗,讠
諛,讠
諜,讠
諝,讠
諞,讠
諟,讠
諣,讠
諦,讠
諧,讠
諫,柬
諫,讠
諭,讠
諯,讠
諰,讠
諱,讠
諳,讠
諳,音
諴,咸
諴,讠
諶,讠
諷,讠
諸,者
諸,讠
諺,讠
諼,讠
諽,讠
諽,革
諾,讠
謀,讠
謁,讠
謂,讠
謄,讠
謐,讠
謑,讠
謓,讠
謔,讠
謗,讠
謘,讠
謙,兼
謙,讠
謚,讠
講,讠
謜,讠
謝,讠
謣,讠
謦,言
謧,讠
謨,讠
謫,讠
謬,讠
謯,讠
謰,讠
謱,讠
謲,讠
謳,讠
謵,讠
謷,言
謹,讠
謺,言
謺,讠
謼,讠
謾,讠
譀,讠
譁,讠
譄,讠
譆,讠
譇,讠
證,讠
譊,讠
譌,讠
譎,讠
譏,讠
譒,讠
譔,讠
譖,讠
識,讠
譙,讠
譜,讠
譟,讠
譣,讠
譥,言
譥,讠
警,言
譬,言
譯,讠
議,讠
譱,羊
譴,讠
護,讠
譸,讠
譺,讠
譻,言
譻,讠
譻,贝
譽,言
譽,讠
讀,讠
讂,讠
讇,讠
變,攵
變,纟
變,言
讎,言
讎,讠
讎,隹
讒,讠
讓,讠
讕,讠
讖,讠
讗,讠
讘,讠
讙,讠
讜,讠
计,十
计,讠
订,丁
订,讠
认,人
认,讠
讥,几
讥,讠
讨,寸
讨,讠
让,上
让,讠
训,川
训,讠
议,义
议,讠
讯,讠
记,己
记,讠
讲,井
讲,讠
讳,讠
讳,韦
讶,牙
讶,讠
许,午
许,讠
讹,讠
论,讠
讼,公
讼,讠
讽,讠
讽,风
设,殳
设,讠
访,讠
诀,讠
证,正
证,讠
评,平
评,讠
诅,且
诅,讠
识,只
识,讠
诈,乍
诈,讠
诉,斥
诉,讠
诊,人
诊,彡
诊,讠
词,讠
译,丨
译,二
译,又
译,讠
试,式
试,讠
诗,寺
诗,讠
诚,讠
话,舌
话,讠
诞,讠
诡,讠
询,讠
该,讠
详,羊
详,讠
诫,戒
诫,讠
诬,讠
语,讠
误,讠
诱,讠
诲,讠
说,讠
诵,讠
请,讠
请,青
诸,者
诸,讠
诺,讠
读,讠
诽,讠
诽,非
课,讠
谁,讠
谁,隹
调,讠
谆,讠
谈,讠
谊,讠
谋,讠
谍,讠
谎,讠
谐,讠
谒,讠
谓,讠
谚,讠
谜,讠
谢,讠
谣,讠
谤,讠
谦,兼
谦,讠
谨,讠
谬,讠
谭,讠
谱,讠
谴,讠
谷,口
谸,千
谸,谷
谿,谷
豁,谷
豂,谷
豅,谷
豎,豆
豙,立
豙,豕
豝,巴
豝,豕
豠,且
豠,豕
豢,丷
豢,夫
豢,豕
豣,豕
豤,豕
豧,甫
豧,豕
豨,豕
豪,冖
豪,豕
豬,者
豬,豕
豭,豕
豯,豕
豰,士
豰,殳
豰,豕
豲,豕
豵,豕
豶,豕
豷,豕
豹,勺
豹,豸
豺,才
豺,豸
豻,干
豻,豸
貀,出
貀,豸
貁,穴
貁,豸
貂,豸
貆,豸
貈,舟
貈,豸
貉,各
貉,豸
貌,儿
貌,白
貌,豸
貍,豸
貍,里
貐,豸
貒,豸
貓,豸
貔,豸
貘,豸
貙,豸
貚,豸
貛,豸
貜,豸
財,才
貢,工
貣,弋
貤,也
貧,分
貪,今
貯,宁
貱,皮
貺,兄
貼,占
貽,台
賂,各
賊,戈
賏,贝
賑,辰
賜,易
賞,尚
賣,出
賭,者
贞,卜
贞,贝
负,刀
负,贝
贡,贝
财,才
财,贝
责,丰
责,贝
贤,又
贤,贝
败,攵
败,贝
账,贝
账,长
货,贝
质,十
质,厂
质,贝
贩,贝
贪,今
贪,贝
贫,分
贫,贝
贬,贝
购,勾
购,贝
贮,一
贮,宀
贮,贝
贯,母
贯,贝
贰,二
贰,弋
贰,贝
贱,戋
贱,贝
贲,十
贲,贝
贴,占
贴,贝
贵,一
贵,中
贵,贝
贷,贝
贸,贝
费,贝
贺,贝
贼,戎
贼,贝
贾,覀
贾,贝
贿,贝
赁,贝
赂,各
赂,贝
赃,庄
赃,贝
资,贝
赊,贝
赋,贝
赌,者
赌,贝
赎,贝
赏,尚
赏,贝
赐,易
赐,贝
赔,贝
赘,贝
赚,兼
赚,贝
赛,宀
赛,贝
赞,贝
赠,贝
赡,贝
赢,亡
赢,口
赢,月
赢,贝
赦,攵
赦,赤
赧,赤
赫,赤
赭,者
赭,赤
赮,赤
走,土
赳,走
赴,卜
赴,走
赵,乂
赵,走
赶,干
赶,走
起,己
起,走
赹,走
赾,斤
赾,走
趀,走
趁,走
趄,且
趄,走
超,走
趆,走
趉,出
趉,走
越,走
趋,刍
趋,走
趌,吉
趌,走
趍,走
趑,走
趒,走
趖,走
趙,走
趛,走
趛,金
趜,走
趞,走
趟,尚
趟,走
趠,走
趡,走
趡,隹
趢,走
趣,走
趥,走
趧,走
趨,走
趩,走
趫,走
趬,走
趮,走
趯,走
趴,八
趴,足
趼,足
趽,方
趽,足
趾,止
趾,足
趿,及
趿,足
跀,月
跀,足
跂,支
跂,足
跃,足
跇,足
跋,足
跌,失
跌,足
跎,它
跎,足
跑,包
跑,足
跔,句
跔,足
跖,石
跖,足
跛,皮
跛,足
距,巨
距,足
跟,艮
跟,足
跣,足
跧,足
跨,足
跪,足
路,各
路,足
跲,合
跲,足
跳,足
践,戋
践,足
跷,尧
跷,足
跺,足
跽,足
跾,足
踄,足
踊,足
踏,足
踐,足
踒,足
踔,足
踖,足
踝,足
踞,足
踢,易
踢,足
踣,足
踤,足
踦,足
踧,足
踩,足
踪,足
踰,足
踱,足
踵,足
踶,足
踸,足
踼,足
踽,足
蹁,足
蹂,足
蹄,足
蹈,足
蹉,足
蹋,足
蹌,足
蹎,足
蹏,足
蹐,足
蹙,足
蹛,足
蹠,足
蹦,足
蹩,足
蹬,足
蹭,足
蹮,足
蹲,足
蹴,足
蹶,足
蹸,足
蹻,足
躁,足
躅,足
躋,足
躍,足
躏,足
躓,足
躔,足
躛,足
躡,足
躣,足
躧,足
躩,足
躬,弓
躬,身
躯,区
躯,身
躲,身
躳,身
躺,尚
躺,身
軀,身
軋,乙
軋,车
軌,九
軌,车
軍,冖
軍,包
軍,车
軑,大
軑,车
軒,干
軒,车
軓,车
軔,刃
軔,车
軖,车
軘,屯
軘,车
軜,内
軜,车
軝,氏
軝,车
軥,句
軥,车
軧,车
軨,令
軨,车
軫,车
軭,车
軵,车
軶,车
軷,车
軸,由
軸,车
軹,只
軹,车
軺,车
軻,可
軻,车
軼,失
軼,车
軾,式
軾,车
軿,并
軿,车
輂,共
輂,车
輅,各
輅,车
輇,车
輈,舟
輈,车
載,十
載,戈
載,车
輑,车
輒,车
輓,车
輔,甫
輔,车
輕,坙
輕,车
輖,车
輗,车
輜,车
輟,车
輢,车
輣,车
輥,车
輦,夫
輦,车
輨,车
輩,车
輩,非
輪,车
輬,车
輭,而
輭,车
輮,车
輯,车
輶,车
輸,车
輹,车
輻,畐
輻,车
輿,一
輿,八
輿,车
轀,车
轂,士
轂,殳
轂,车
轃,车
轄,车
轅,车
轈,车
轉,车
轏,车
轐,车
轑,车
轒,车
轔,车
轖,车
轘,车
轙,车
轚,车
轛,车
轢,车
轧,乚
轧,车
轨,九
轨,车
轩,干
轩,车
转,专
转,车
轮,车
软,欠
软,车
轰,又
轰,车
轴,由
轴,车
轻,坙
轻,车
载,十
载,戈
载,车
轿,车
较,交
较,车
辅,甫
辅,车
辆,车
辇,夫
辇,车
辈,车
辈,非
辐,畐
辐,车
辑,车
输,车
辕,车
辖,车
辛,十
辛,立
辜,古
辜,辛
辞,舌
辞,辛
辟,口
辟,尸
辟,辛
辠,自
辠,辛
辣,辛
辤,辛
辥,辛
辦,力
辦,辛
辧,刀
辨,辛
辩,讠
辩,辛
辫,纟
辫,辛
辬,文
辮,纟
辱,寸
辱,辰
辵,彳
辵,止
边,力
辽,了
辽,辶
达,大
迀,干
迀,辶
迁,千
迂,于
迂,辶
迄,乞
迄,辶
迅,辶
迆,也
迆,辶
过,寸
过,辶
迈,万
迈,辶
迋,王
迋,辶
迎,辶
近,斤
近,辶
迒,亢
迒,辶
返,辶
还,不
还,辶
这,文
这,辶
进,辶
远,元
远,辶
违,韦
连,车
迟,辶
迢,辶
迣,辶
迥,辶
迪,由
迪,辶
迫,白
迫,辶
迭,失
迭,辶
述,术
述,辶
迵,辶
迶,辶
迷,米
迷,辶
迸,并
迸,辶
迹,辶
迻,辶
追,辶
迾,辶
退,艮
退,辶
送,辶
适,舌
适,辶
逃,辶
逅,辶
逆,屰
逆,辶
选,辶
逋,甫
逋,辶
逍,辶
逎,辶
逎,酉
透,辶
逐,豕
逐,辶
逑,辶
递,辶
途,辶
逖,辶
逗,豆
逗,辶
通,辶
逛,辶
逝,辶
逞,辶
速,辶
造,辶
逡,辶
逢,夆
逢,辶
連,辶
逪,辶
逭,辶
逮,辶
逮,隶
逯,辶
逴,辶
逶,辶
逸,辶
逻,辶
逼,畐
逼,辶
逾,辶
遀,月
遀,辶
遁,辶
遂,辶
遄,辶
遇,辶
運,辶
遌,辶
遍,辶
過,辶
遏,辶
遐,辶
遑,辶
道,辶
道,首
達,辶
違,辶
遗,辶
遘,辶
遜,辶
遝,辶
遞,辶
遠,辶
遣,辶
遥,辶
遦,辶
適,辶
遭,辶
遮,辶
遯,辶
遰,辶
遱,辶
遲,辶
遴,辶
遵,辶
遷,辶
遹,辶
遺,辶
遼,辶
遽,辶
避,辶
邀,辶
邂,辶
邃,穴
還,辶
邇,辶
邋,辶
邌,辶
邎,辶
邏,辶
邐,辶
邑,口
邑,巴
邓,又
邓,阝
邔,己
邔,阝
邕,巛
邕,邑
邖,山
邖,阝
邗,干
邗,阝
邘,于
邘,阝
邙,亡
邙,阝
邛,工
邛,阝
邞,夫
邞,阝
邟,亢
邟,阝
邠,分
邠,阝
邡,方
邡,阝
邢,开
邢,阝
那,阝
邦,丰
邦,阝
邧,元
邧,阝
邨,屯
邨,阝
邩,火
邩,阝
邪,牙
邪,阝
邭,句
邭,阝
邮,由
邮,阝
邯,甘
邯,阝
邰,台
邰,阝
邱,丘
邱,阝
邲,必
邲,阝
邳,阝
邴,丙
邴,阝
邵,阝
邶,北
邶,阝
邸,阝
邻,令
邻,阝
邼,阝
邽,阝
邾,阝
邿,寺
邿,阝
郁,阝
郂,阝
郃,合
郃,阝
郅,至
郅,阝
郇,阝
郈,阝
郉,阝
郊,交
郊,阝
郋,自
郋,阝
郎,良
郎,阝
郑,阝
郔,阝
郕,阝
郖,豆
郖,阝
郗,阝
郙,甫
郙,阝
郚,阝
郛,孚
郛,阝
郜,阝
郝,赤
郝,阝
郟,阝
郠,阝
郡,阝
郢,阝
郣,孛
郣,阝
郤,谷
郤,阝
部,阝
郪,阝
郫,阝
郭,阝
郯,阝
郰,阝
郱,并
郱,阝
郳,阝
郴,阝
郹,阝
都,者
都,阝
郾,阝
郿,阝
鄂,阝
鄃,阝
鄄,阝
鄅,阝
鄆,阝
鄈,阝
鄍,阝
鄎,阝
鄏,阝
鄐,阝
鄑,阝
鄒,阝
鄔,阝
鄖,阝
鄗,阝
鄗,高
鄘,阝
鄙,阝
鄚,阝
鄛,阝
鄝,阝
鄞,阝
鄠,阝
鄡,阝
鄢,阝
鄣,阝
鄦,阝
鄧,阝
鄨,邑
鄨,阝
鄩,阝
鄫,阝
鄬,阝
鄭,阝
鄮,阝
鄯,阝
鄰,阝
鄱,阝
鄲,阝
鄳,阝
鄴,阝
鄶,阝
鄻,阝
鄾,阝
酀,阝
酁,阝
酃,阝
酄,阝
酅,阝
酆,阝
酇,阝
酈,阝
酊,丁
酊,酉
酌,勺
酌,酉
配,己
配,酉
酎,寸
酎,酉
酏,也
酏,酉
酒,氵
酒,酉
酖,酉
酗,凶
酗,酉
酝,云
酝,酉
酢,乍
酢,酉
酣,甘
酣,酉
酤,古
酤,酉
酥,禾
酥,酉
酨,十
酨,戈
酨,酉
酩,酉
酪,各
酪,酉
酬,酉
酱,丬
酱,夕
酱,酉
酲,酉
酴,酉
酵,酉
酷,酉
酸,酉
酹,酉
酺,甫
酺,酉
酿,良
酿,酉
醅,酉
醆,酉
醇,酉
醉,酉
醋,酉
醍,酉
醐,酉
醒,酉
醜,酉
醜,鬼
醞,酉
醠,酉
醧,酉
醨,酉
醪,酉
醮,酉
醰,酉
醲,酉
醴,酉
醵,酉
醶,酉
醹,酉
醺,酉
醻,酉
釀,酉
釃,酉
采,木
采,爪
释,又
释,釆
里,土
里,田
重,千
重,里
野,里
量,一
量,曰
量,里
釐,里
金,丷
金,人
金,王
釗,刀
釗,金
釘,丁
釘,钅
釣,勺
釣,钅
釦,口
釦,钅
釧,川
釧,钅
釬,干
釬,钅
釭,工
釭,钅
釱,大
釱,钅
釳,气
釳,钅
釵,叉
釵,钅
釾,牙
釾,钅
鈀,巴
鈀,钅
鈁,方
鈁,钅
鈂,钅
鈇,夫
鈇,钅
鈋,钅
鈌,钅
鈍,屯
鈍,钅
鈏,钅
鈐,今
鈐,钅
鈒,及
鈒,钅
鈔,少
鈔,钅
鈕,丑
鈕,钅
鈗,钅
鈙,攵
鈙,金
鈞,钅
鈭,金
鈭,钅
鈴,令
鈴,钅
鈹,皮
鈹,钅
鈿,田
鈿,钅
鉅,巨
鉅,钅
鉆,占
鉆,钅
鉈,它
鉈,钅
鉉,玄
鉉,钅
鉊,钅
鉏,且
鉏,钅
鉗,甘
鉗,钅
鉛,钅
鉞,钅
鉤,句
鉤,钅
鉥,术
鉥,钅
鉦,正
鉦,钅
鉴,金
鉹,钅
鉻,各
鉻,钅
銀,艮
銀,钅
銅,钅
銍,至
銍,钅
銎,金
銑,钅
銒,钅
銓,钅
銖,钅
銘,钅
銚,钅
銛,舌
銛,钅
銜,行
銜,金
銜,钅
銳,钅
銴,金
銴,钅
銷,钅
銸,钅
銻,钅
銼,钅
銽,钅
鋂,钅
鋃,良
鋃,钅
鋊,谷
鋊,钅
鋋,钅
鋌,钅
鋏,钅
鋗,肙
鋗,钅
鋚,金
鋚,钅
鋝,钅
鋞,坙
鋞,钅
鋪,甫
鋪,钅
鋸,钅
鋻,金
鋻,钅
錄,钅
錉,钅
錍,钅
錏,钅
錐,钅
錐,隹
錔,钅
錗,钅
錘,钅
錙,钅
錚,钅
錞,钅
錟,钅
錠,钅
錡,钅
錢,钅
錦,金
錪,钅
錫,易
錫,钅
錭,钅
錮,钅
錯,钅
鍇,钅
鍊,柬
鍊,钅
鍑,钅
鍒,钅
鍛,钅
鍜,钅
鍠,钅
鍡,畏
鍡,钅
鍤,钅
鍥,钅
鍪,金
鍰,钅
鍱,钅
鍵,钅
鍼,咸
鍼,钅
鍾,钅
鎌,兼
鎌,钅
鎎,钅
鎔,钅
鎕,钅
鎖,钅
鎗,钅
鎛,钅
鎧,钅
鎩,钅
鎬,钅
鎬,高
鎭,钅
鏃,钅
鏇,钅
鏈,钅
鏉,钅
鏌,钅
鏏,钅
鏐,钅
鏑,钅
鏓,钅
鏜,钅
鏝,钅
鏞,钅
鏟,钅
鏠,钅
鏡,钅
鏢,钅
鏤,钅
鏦,钅
鏨,金
鏨,钅
鏶,钅
鏺,钅
鐃,钅
鐅,金
鐅,钅
鐈,钅
鐉,钅
鐊,钅
鐎,钅
鐏,钅
鐐,钅
鐔,钅
鐕,钅
鐘,钅
鐙,钅
鐜,金
鐜,钅
鐧,钅
鐪,钅
鐫,钅
鐲,钅
鐵,钅
鐸,钅
鐺,钅
鐼,钅
鑄,钅
鑊,钅
鑋,金
鑋,钅
鑑,钅
鑗,钅
鑠,钅
鑢,钅
鑣,钅
鑪,钅
鑮,钅
鑯,钅
鑱,钅
鑲,钅
鑴,钅
鑸,钅
鑺,钅
鑽,钅
鑾,纟
鑾,言
鑾,金
鑾,钅
钁,钅
针,十
针,钅
钉,丁
钉,钅
钋,卜
钋,钅
钍,土
钍,钅
钐,彡
钐,钅
钓,勺
钓,钅
钙,钅
钝,屯
钝,钅
钞,少
钞,钅
钟,中
钟,钅
钠,内
钠,钅
钢,冈
钢,钅
钥,月
钥,钅
钦,欠
钦,钅
钧,钅
钩,勾
钩,钅
钮,丑
钮,钅
钱,戋
钱,钅
钳,甘
钳,钅
钻,占
钻,钅
钾,甲
钾,钅
铁,失
铁,钅
铃,令
铃,钅
铅,几
铅,口
铅,钅
铆,钅
铐,钅
铛,钅
铜,钅
铝,吕
铝,钅
铡,钅
铣,钅
铭,钅
铲,钅
银,艮
银,钅
铸,钅
铺,甫
铺,钅
链,钅
锁,小
锁,贝
锁,钅
锄,钅
锅,呙
锅,钅
锈,钅
锉,钅
锋,夆
锋,钅
锌,辛
锌,钅
锐,钅
错,钅
锚,钅
锡,易
锡,钅
锣,钅
锤,钅
锥,钅
锥,隹
锦,钅
锨,钅
锭,钅
键,钅
锯,钅
锰,钅
锹,钅
锻,钅
镀,钅
镇,钅
镊,钅
镐,钅
镐,高
镜,钅
镣,钅
镰,钅
镶,钅
長,匕
镻,失
閈,干
閌,亢
閒,月
閔,文
閘,甲
閜,可
閟,必
閣,各
閤,合
閩,虫
閬,良
閾,或
闇,音
闌,柬
闍,者
闪,人
闪,门
闭,才
闭,门
问,口
问,门
闯,门
闯,马
闰,王
闰,门
闲,木
闲,门
间,日
闵,文
闵,门
闷,心
闷,门
闸,甲
闸,门
闹,市
闹,门
闺,门
闻,耳
闻,门
闽,虫
闽,门
阀,门
阁,各
阁,门
阅,门
阎,门
阐,门
阑,柬
阑,门
阔,门
阞,力
阞,阝
队,人
队,阝
阠,阝
阡,千
阡,阝
阢,阝
阤,也
阤,阝
阪,阝
阬,亢
阬,阝
阭,阝
阮,元
阮,阝
阯,止
阯,阝
阱,井
阱,阝
防,方
防,阝
阳,阝
阴,月
阴,阝
阵,阝
阶,介
阶,阝
阸,阝
阹,去
阹,阝
阺,阝
阻,且
阻,阝
阼,乍
阼,阝
阽,占
阽,阝
阿,可
阿,阝
陂,皮
陂,阝
附,阝
际,示
际,阝
陆,击
陆,阝
陈,东
陈,阝
陊,阝
陋,丙
陋,阝
陌,阝
降,阝
陏,阝
限,艮
限,阝
陔,阝
陕,阝
陖,阝
陗,阝
陘,坙
陘,阝
陙,辰
陙,阝
陚,阝
陛,阝
陜,阝
陝,阝
陟,阝
陡,走
陡,阝
院,阝
除,阝
陨,员
陨,阝
险,佥
险,阝
陪,阝
陬,阝
陭,阝
陮,阝
陮,隹
陯,阝
陰,阝
陲,阝
陳,木
陳,申
陳,阝
陴,阝
陵,阝
陶,匋
陶,阝
陷,阝
陸,阝
陼,者
陼,阝
陽,阝
陾,阝
隃,阝
隄,阝
隅,阝
隆,一
隆,夂
隆,生
隆,阝
隈,畏
隈,阝
隉,土
隉,臼
隉,阝
隊,阝
隋,月
隋,阝
隍,阝
階,阝
随,阝
隐,阝
隒,兼
隒,阝
隓,阝
隔,阝
隔,鬲
隕,阝
隖,阝
隗,阝
隗,鬼
隘,阝
隙,阝
際,阝
障,阝
隤,阝
隥,阝
隨,也
隩,阝
險,阝
隰,阝
隱,阝
隴,阝
隶,彐
隶,水
隸,隶
隺,冖
隺,隹
难,又
难,隹
隿,弋
隿,隹
雀,少
雀,隹
雁,人
雁,亻
雁,厂
雁,隹
雂,今
雂,隹
雄,隹
雅,牙
雅,隹
集,木
集,隹
雇,户
雇,隹
雈,隹
雉,矢
雉,隹
雊,句
雊,隹
雌,隹
雐,虍
雐,隹
雒,各
雒,隹
雔,隹
雕,隹
雖,虫
雗,日
雗,隹
雚,艹
雚,隹
雛,隹
雜,衣
雝,隹
雞,隹
雡,隹
離,隹
雧,木
雩,于
雩,雨
雪,彐
雪,雨
雳,雨
零,令
零,雨
雷,田
雷,雨
雹,包
雹,雨
電,申
電,雨
雾,雨
需,而
需,雨
霂,雨
霃,雨
霄,雨
霆,雨
震,辰
震,雨
霉,雨
霋,雨
霍,隹
霍,雨
霎,雨
霏,雨
霏,非
霑,雨
霓,雨
霖,雨
霚,雨
霜,雨
霝,口
霝,雨
霞,雨
霢,雨
霣,雨
霩,雨
露,雨
霸,月
霸,雨
霸,革
霹,雨
霽,雨
霾,雨
霿,雨
青,丰
青,月
靖,立
靖,青
静,青
靚,青
靜,青
靠,非
靡,非
靡,麻
面,囗
面,页
靨,面
靪,丁
靪,革
靬,干
靬,革
靮,勺
靮,革
靲,今
靲,革
靳,斤
靳,革
靴,革
靶,巴
靶,革
靷,革
靸,及
靸,革
靼,旦
靼,革
鞀,革
鞁,皮
鞁,革
鞃,革
鞄,包
鞄,革
鞅,央
鞅,革
鞈,合
鞈,革
鞋,革
鞌,革
鞍,革
鞎,艮
鞎,革
鞏,革
鞔,革
鞘,革
鞙,肙
鞙,革
鞞,革
鞠,革
鞣,革
鞥,革
鞪,革
鞬,革
鞭,革
鞮,革
鞵,革
鞶,革
鞹,革
鞼,革
鞾,革
韄,革
韇,革
韉,革
韋,囗
韋,舛
韌,刃
韎,末
韧,刃
韧,韦
韩,十
韩,日
韩,韦
韭,一
韭,非
韱,韭
音,曰
音,立
韵,匀
韵,音
韶,音
韻,音
韽,音
響,音
頁,几
頂,丁
頂,页
頃,匕
項,工
項,页
順,巛
順,川
順,页
須,彡
須,页
頊,玉
頊,页
頌,公
頌,页
頍,支
頍,页
頑,元
頑,页
頒,分
頒,页
頓,屯
頓,页
頗,皮
頗,页
領,令
領,页
頛,耒
頛,页
頜,合
頜,页
頞,页
頟,各
頟,页
頠,页
頡,吉
頡,页
頢,舌
頢,页
頣,臣
頣,页
頦,页
頭,豆
頭,页
頯,页
頰,页
頲,页
頵,页
頷,页
頸,坙
頸,页
顀,隹
顀,页
顅,页
顆,页
顇,页
顉,金
顉,页
題,页
顑,咸
顑,页
顒,页
顓,页
顔,页
顗,页
願,页
顙,页
顚,页
顝,页
顝,骨
類,犬
類,犭
類,米
類,页
顤,页
顥,页
顦,页
顧,页
顩,页
顫,页
顯,页
顱,页
顲,页
页,一
页,贝
顶,丁
顶,页
顷,匕
顷,页
项,工
项,页
顺,川
顺,页
须,彡
须,页
顽,元
顽,页
顾,页
顿,屯
顿,页
颁,分
颁,页
颂,公
颂,页
预,页
颅,页
领,令
领,页
颇,皮
颇,页
颈,坙
颈,页
颊,页
频,页
颓,页
颖,匕
颖,禾
颖,页
颗,页
题,页
颜,页
额,页
颠,页
颤,页
風,虫
颭,占
颯,立
颿,马
风,X
风,几
飒,立
飒,风
飘,风
食,人
食,良
飢,几
飢,饣
飪,饣
飭,人
飭,力
飭,食
飭,饣
飯,饣
飴,台
飴,饣
飵,乍
飵,饣
飶,必
飶,饣
飽,包
飽,饣
飾,人
飾,巾
飾,食
飾,饣
餀,饣
餅,并
餅,饣
餈,食
餉,向
餉,饣
養,羊
養,食
養,饣
餐,又
餐,食
餓,饣
餔,甫
餔,饣
餕,饣
餘,饣
餞,饣
餟,饣
餥,非
餥,食
餥,饣
餧,饣
館,饣
餫,饣
餬,饣
餲,饣
餻,饣
餽,饣
餽,鬼
饁,饣
饉,饣
饋,饣
饎,饣
饐,饣
饑,饣
饒,饣
饕,食
饖,饣
饗,食
饗,饣
饘,饣
饛,饣
饟,饣
饡,饣
饥,几
饥,饣
饭,饣
饮,欠
饮,饣
饰,巾
饰,饣
饱,包
饱,饣
饲,饣
饵,耳
饵,饣
饶,尧
饶,饣
饺,交
饺,饣
饼,并
饼,饣
饿,饣
馁,饣
馅,饣
馆,饣
馋,冫
馋,饣
馍,饣
馏,饣
馒,饣
首,自
馗,九
馗,首
香,日
香,禾
馥,香
馨,香
馮,冫
馮,马
馱,大
馱,马
馳,也
馳,马
馴,川
馴,马
馶,支
馶,马
馹,日
馹,马
馺,及
馺,马
馼,文
馼,马
駁,爻
駁,马
駃,马
駉,马
駊,皮
駊,马
駐,马
駒,句
駒,马
駓,马
駔,且
駔,马
駕,马
駗,马
駘,台
駘,马
駙,马
駜,必
駜,马
駟,四
駟,马
駢,并
駢,马
駥,戎
駥,马
駧,马
駪,马
駫,马
駭,马
駮,交
駮,马
駰,马
駱,各
駱,马
駹,马
駻,马
駼,马
駽,肙
駽,马
駾,马
駿,马
騀,马
騁,马
騃,马
騅,隹
騅,马
騊,匋
騊,马
騋,马
騎,马
騏,其
騏,马
騑,非
騑,马
騖,马
騛,马
騠,马
騢,马
騣,马
騤,马
騧,马
騩,马
騩,鬼
騬,马
騯,马
騰,马
騱,马
騶,马
騷,马
騽,马
驀,马
驁,马
驂,马
驃,马
驄,马
驅,马
驈,马
驍,马
驑,马
驒,马
驔,马
驕,马
驗,马
驘,亡
驘,口
驘,月
驘,马
驙,马
驚,马
驛,马
驟,马
驠,马
驢,马
驤,马
驥,马
驧,马
驩,马
驪,马
驮,大
驮,马
驯,川
驯,马
驰,也
驰,马
驱,区
驱,马
驳,爻
驳,马
驴,户
驴,马
驶,马
驹,句
驹,马
驻,马
驼,它
驼,马
驾,马
骂,口
骂,马
骄,马
骆,各
骆,马
骇,马
验,佥
验,马
骏,马
骑,马
骗,马
骚,马
骡,马
骤,马
骫,丸
骫,骨
骭,干
骭,骨
骴,骨
骸,骨
骹,交
骹,骨
骼,各
骼,骨
骾,骨
骿,并
骿,骨
髀,骨
髁,骨
髃,骨
髆,骨
髍,骨
髍,麻
髏,骨
髑,骨
髓,骨
體,骨
髕,骨
髖,骨
高,亠
高,口
髟,彡
髡,髟
髦,毛
髦,髟
髫,髟
髮,髟
髲,皮
髲,髟
髴,髟
髺,舌
髺,髟
髻,吉
髻,髟
髽,髟
鬀,髟
鬄,易
鬄,髟
鬈,髟
鬊,髟
鬋,髟
鬐,髟
鬑,兼
鬑,髟
鬓,髟
鬕,髟
鬗,髟
鬝,髟
鬟,髟
鬢,髟
鬣,髟
鬨,共
鬨,鬥
鬩,鬥
鬭,鬥
鬮,鬥
鬳,虍
鬳,鬲
鬴,甫
鬴,鬲
鬵,鬲
鬷,鬲
鬹,鬲
鬻,米
鬼,丿
鬼,儿
鬼,厶
鬼,田
鬾,支
鬾,鬼
魁,斗
魁,鬼
魂,云
魂,鬼
魃,鬼
魄,白
魄,鬼
魋,隹
魋,鬼
魏,鬼
魑,鬼
魔,鬼
魔,麻
魖,鬼
魘,鬼
魝,刀
魠,鱼
魧,亢
魧,鱼
魮,比
魮,鱼
魴,方
魴,鱼
魵,分
魵,鱼
魼,去
魼,鱼
魾,鱼
魿,令
魿,鱼
鮀,它
鮀,鱼
鮁,鱼
鮅,必
鮅,鱼
鮆,鱼
鮊,白
鮊,鱼
鮍,皮
鮍,鱼
鮎,占
鮎,鱼
鮏,生
鮏,鱼
鮐,台
鮐,鱼
鮑,包
鮑,鱼
鮒,鱼
鮚,吉
鮚,鱼
鮞,而
鮞,鱼
鮡,鱼
鮥,各
鮥,鱼
鮦,鱼
鮨,鱼
鮪,鱼
鮫,交
鮫,鱼
鮷,鱼
鮸,鱼
鯀,鱼
鯁,鱼
鯇,鱼
鯉,里
鯉,鱼
鯕,其
鯕,鱼
鯛,鱼
鯜,鱼
鯢,鱼
鯦,鱼
鯫,鱼
鯸,鱼
鯾,鱼
鰂,鱼
鰅,鱼
鰈,鱼
鰌,鱼
鰒,鱼
鰕,鱼
鰜,兼
鰜,鱼
鰝,高
鰝,鱼
鰥,鱼
鰨,鱼
鰩,鱼
鰫,鱼
鰱,鱼
鰸,鱼
鰻,鱼
鰼,鱼
鱄,鱼
鱅,鱼
鱏,鱼
鱒,鱼
鱓,鱼
鱖,鱼
鱗,鱼
鱢,鱼
鱣,鱼
鱧,鱼
鱨,鱼
鱮,鱼
鱳,鱼
鱺,鱼
鱼,一
鱼,刀
鱼,田
鲁,日
鲁,鱼
鲜,羊
鲜,鱼
鲤,里
鲤,鱼
鲫,即
鲫,鱼
鲸,鱼
鳄,鱼
鳍,鱼
鳖,鱼
鳞,鱼
鳠,鱼
鳧,鸟
鳩,九
鳩,鸟
鳳,几
鳳,鸟
鳴,口
鳴,鸟
鳽,开
鳽,隹
鳽,鸟
鴂,鸟
鴆,鸟
鴇,鸟
鴗,立
鴗,鸟
鴚,可
鴚,鸟
鴛,鸟
鴜,鸟
鴝,句
鴝,鸟
鴞,鸟
鴠,旦
鴠,鸟
鴡,且
鴡,鸟
鴣,古
鴣,鸟
鴥,穴
鴥,鸟
鴦,央
鴦,鸟
鴨,甲
鴨,鸟
鴰,鸟
鴲,鸟
鴳,鸟
鴺,鸟
鴻,鸟
鴿,合
鴿,鸟
鵃,舟
鵃,鸟
鵅,各
鵅,鸟
鵒,谷
鵒,鸟
鵔,鸟
鵠,鸟
鵻,隹
鵻,鸟
鵽,鸟
鶃,鸟
鶌,鸟
鶠,鸟
鶡,鸟
鶤,鸟
鶨,鸟
鶩,鸟
鶪,鸟
鶬,鸟
鶴,鸟
鶻,骨
鶻,鸟
鶾,鸟
鷀,鸟
鷂,鸟
鷇,士
鷇,殳
鷇,鸟
鷈,鸟
鷐,鸟
鷓,鸟
鷖,鸟
鷙,鸟
鷞,鸟
鷟,鸟
鷢,鸟
鷩,鸟
鷫,鸟
鷮,鸟
鷯,鸟
鷳,鸟
鷸,鸟
鷺,鸟
鷻,鸟
鸃,鸟
鸇,鸟
鸑,鸟
鸔,鸟
鸚,鸟
鸛,鸟
鸞,纟
鸞,言
鸞,鸟
鸠,九
鸠,鸟
鸡,又
鸡,鸟
鸣,口
鸣,鸟
鸥,区
鸥,鸟
鸦,牙
鸦,鸟
鸭,甲
鸭,鸟
鸯,央
鸯,鸟
鸳,鸟
鸵,它
鸵,鸟
鸽,合
鸽,鸟
鸿,工
鸿,氵
鸿,鸟
鹃,肙
鹃,鸟
鹅,鸟
鹉,鸟
鹊,鸟
鹏,鸟
鹤,鸟
鹰,广
鹰,鸟
鹹,咸
麀,匕
麀,鹿
麈,鹿
麉,干
麉,鹿
麋,米
麋,鹿
麎,辰
麎,鹿
麐,鹿
麑,鹿
麒,其
麒,鹿
麓,鹿
麔,鹿
麗,鹿
麙,咸
麙,鹿
麚,鹿
麛,鹿
麞,鹿
麟,鹿
麠,畺
麠,鹿
麢,鹿
麦,丰
麧,气
麩,夫
麮,去
麸,夫
麸,麦
麻,广
麽,幺
麽,麻
黀,麻
黃,田
黄,共
黄,由
黇,占
黍,人
黍,水
黍,禾
黎,人
黎,水
黎,禾
黏,占
黏,黍
黔,今
黔,黑
黕,黑
黗,屯
黗,黑
默,犬
默,黑
黚,甘
黚,黑
黜,出
黜,黑
黝,黑
點,占
點,黑
黟,黑
黠,吉
黠,黑
黤,黑
黥,黑
黨,尚
黨,黑
黭,黑
黮,黑
黯,音
黯,黑
黱,丷
黱,夫
黱,月
黱,黑
黲,黑
黳,黑
黵,黑
黶,黑
黷,黑
黸,黑
黺,黹
黻,黹
黼,甫
黼,黹
黾,口
黾,电
黿,元
鼂,旦
鼎,爿
鼎,片
鼎,目
鼏,冂
鼏,鼎
鼐,乃
鼐,鼎
鼒,才
鼒,鼎
鼓,十
鼓,支
鼓,豆
鼘,鼓
鼙,鼓
鼛,鼓
鼞,鼓
鼠,臼
鼢,分
鼢,鼠
鼨,冬
鼨,鼠
鼩,句
鼩,鼠
鼫,石
鼫,鼠
鼬,由
鼬,鼠
鼲,鼠
鼶,鼠
鼷,鼠
鼸,兼
鼸,鼠
鼻,廾
鼻,田
鼻,自
鼽,九
鼽,鼻
鼾,干
鼾,鼻
齂,隶
齂,鼻
齅,鼻
齌,火
齍,皿
齐,文
齔,七
齔,齿
齕,气
齕,齿
齗,斤
齗,齿
齘,介
齘,齿
齛,齿
齝,台
齝,齿
齞,只
齞,齿
齡,令
齡,齿
齤,齿
齦,齿
齧,齿
齨,臼
齨,齿
齩,交
齩,齿
齬,齿
齭,齿
齮,齿
齯,齿
齰,齿
齱,齿
齳,齿
齵,齿
齸,齿
齺,齿
齾,齿
齿,人
齿,凵
齿,止
龄,令
龄,齿
龏,廾
龐,广
龔,共
龕,合
龙,丿
龙,尤
龟,电
龢,禾
龢,龠
龤,龠
𠅣,亢
𠆎,交
𠈈,人
𠈈,囟
𠊩,人
𠊬,人
𠊱,人
𠊾,人
𠋺,人
𠌶,亏
𠏮,人
𠐿,人
𠔯,八
𠘱,彡
𠛎,刀
𠛎,句
𠛰,刀
𠛰,刂
𠜾,刀
𠟃,刀
𠟟,刀
𠢕,力
𠢤,力
𠣊,力
𠣊,非
𠣘,勹
𠣘,舟
𠣾,勹
𠣿,勹
𠤏,匕
𠤏,十
𠤼,匚
𠥐,匚
𠦫,十
𠧙,卜
𠧩,卜
𠧴,乃
𠨐,匕
𠨒,比
𠨘,必
𠨲,之
𠨲,厂
𠩗,厂
𠩘,厂
𠩫,厂
𠩺,厂
𠩺,攵
𠩺,未
𠪙,厂
𠪚,厂
𠪮,厂
𠬝,又
𠬞,又
𠬪,又
𠬪,爪
𠭖,古
𠭘,井
𠭙,又
𠭯,又
𠭰,厂
𠭰,又
𠭰,攵
𠭰,未
𠮱,亏
𠮱,口
𠲱,各
𠳋,阝
𠴫,口
𠶷,中
𠶷,口
𠶷,立
𠶷,讠
𠷏,丸
𠷓,只
𠻜,口
𠿡,口
𡂒,口
𡂢,口
𡊄,土
𡌦,土
𡌦,非
𡌪,圣
𡍦,土
𡍫,土
𡏲,土
𡑢,土
𡔢,吉
𡕗,夂
𡕥,攵
𡕥,目
𡕮,去
𡖶,夕
𡗥,大
𡗥,屯
𡗦,介
𡗦,大
𡗷,大
𡗷,瓜
𡗼,大
𡘍,大
𡚮,久
𡚮,女
𡚽,丑
𡚽,女
𡚾,女
𡚾,殳
𡛟,女
𡜂,女
𡜝,女
𡝩,女
𡝫,女
𡞜,女
𡞞,女
𡟰,女
𡠗,女
𡠜,女
𡡓,女
𡡗,女
𡢎,女
𡢎,生
𡢕,女
𡢖,女
𡥈,子
𡥈,爻
𡧍,宀
𡧖,宀
𡧮,宀
𡧯,宀
𡨂,宀
𡩡,宀
𡪐,宀
𡫛,宀
𡫬,宀
𡫳,廾
𡭴,小
𡭴,日
𡯣,艮
𡰖,爪
𡰢,爪
𡴆,六
𡴆,屮
𡴎,屮
𡴘,屰
𡴞,屮
𡴹,山
𡷨,坙
𡷨,山
𡸤,山
𡹔,山
𡺲,山
𡼊,山
𡼐,山
𡽃,山
𡽕,山
𡾦,山
𡿋,山
𡿯,川
𡿯,曰
𡿿,川
𡿿,或
𢀜,工
𢁥,分
𢁥,巾
𢂷,合
𢃭,巾
𢃴,巾
𢄐,巾
𢄢,巾
𢅡,巾
𢅯,巾
𢅼,巾
𢇷,广
𢉥,广
𢊕,广
𢊺,广
𢌛,廴
𢌛,正
𢌨,目
𢌻,廾
𢍉,廾
𢍏,廾
𢍏,釆
𢍰,廾
𢍱,囟
𢏗,弓
𢑆,弓
𢑈,弓
𢒫,又
𢒫,寸
𢓈,彳
𢓡,彳
𢓱,夆
𢓱,彳
𢓴,夊
𢓴,日
𢔟,彳
𢕬,彳
𢖊,彳
𢖫,刀
𢖫,心
𢖳,于
𢖳,心
𢖽,之
𢖽,心
𢗊,介
𢗊,心
𢘁,心
𢘋,心
𢘽,心
𢙼,坙
𢙼,心
𢛃,心
𢛆,心
𢜭,心
𢜮,心
𢜳,心
𢝆,心
𢝊,心
𢟡,心
𢟤,心
𢟽,心
𢠰,心
𢠽,心
𢡃,心
𢡈,心
𢢞,心
𢤂,心
𢤧,心
𢥘,心
𢦔,戈
𢦔,才
𢦚,戈
𢦟,今
𢦟,戈
𢦦,戈
𢦦,甲
𢧀,戈
𢧄,戈
𢧜,十
𢧜,口
𢧜,大
𢧜,戈
𢧜,王
𢧵,戈
𢪇,手
𢪇,爿
𢪈,手
𢫦,手
𢬴,手
𢯱,手
𢯲,手
𢱧,手
𢴧,手
𢶡,手
𢹎,手
𢹏,手
𢹬,手
𢺵,匕
𢺵,支
𢻱,也
𢻱,攵
𢻲,攵
𢼟,攵
𢼸,人
𢼸,山
𢼸,攴
𢼸,攵
𢽎,攵
𢽴,攵
𢾅,攵
𢾝,攵
𢾫,攵
𢾭,攵
𢿱,肉
𢿲,攵
𢿳,攵
𣀆,攵
𣀆,羊
𣀔,攵
𣀘,攵
𣀷,攵
𣁟,文
𣂀,斗
𣂆,六
𣂆,冖
𣂆,斗
𣂆,方
𣂞,斤
𣂞,良
𣃔,斤
𣃘,丨
𣃚,亢
𣃚,方
𣆑,曰
𣉘,日
𣊓,日
𣋌,日
𣍃,柬
𣍃,申
𣏗,木
𣐊,木
𣒃,木
𣓀,木
𣓀,辛
𣓌,木
𣓗,木
𣔱,木
𣔺,木
𣔾,木
𣕋,木
𣖼,木
𣗸,木
𣙿,木
𣚍,木
𣚎,木
𣛹,木
𣛺,木
𣝋,木
𣟄,木
𣟌,木
𣟳,木
𣠞,木
𣡌,木
𣢆,欠
𣢆,气
𣢑,之
𣢑,欠
𣢜,欠
𣢰,欠
𣣲,欠
𣣸,欠
𣤢,欠
𣤭,咸
𣤭,欠
𣤭,糸
𣤶,欠
𣤹,欠
𣤿,欠
𣥹,止
𣥺,尚
𣥺,止
𣦢,止
𣦼,又
𣧻,歹
𣧻,肉
𣨙,歹
𣨛,歹
𣪌,殳
𣪌,豆
𣪯,殳
𣫐,殳
𣯍,毛
𣯩,毛
𣳦,囟
𣳦,水
𣵽,水
𣸈,水
𣹢,水
𣹤,水
𣻐,水
𣽍,水
𣿊,攵
𣿒,水
𣿴,水
𤀤,水
𤁰,水
𤂆,水
𤃬,水
𤃭,水
𤃭,氵
𤃭,罒
𤃴,水
𤃷,水
𤄫,水
𤅤,水
𤅩,水
𤇯,火
𤇯,衣
𤈥,火
𤈦,火
𤊾,火
𤌍,火
𤍕,木
𤍕,火
𤍕,酉
𤎯,火
𤐸,火
𤒅,火
𤒓,火
𤓒,火
𤓪,火
𤓿,己
𤔱,曲
𤕟,爻
𤕟,疋
𤗚,片
𤗚,畐
𤘌,牙
𤘐,牙
𤘡,今
𤘡,牜
𤘸,牜
𤘾,平
𤘾,牜
𤙛,牜
𤛟,牜
𤛿,牜
𤜂,牜
𤜵,犭
𤞛,犭
𤞞,犭
𤞞,谷
𤟍,易
𤟍,犭
𤟟,犭
𤟟,音
𤟤,犭
𤣔,犭
𤣻,玉
𤤺,玉
𤥗,玉
𤦃,玉
𤧩,玉
𤨙,玉
𤩭,玉
𤩯,玉
𤪌,玉
𤪍,玉
𤪎,玉
𤫉,玉
𤫕,玉
𤬯,今
𤬯,瓦
𤭢,瓦
𤯌,甘
𤯌,麻
𤯷,生
𤲑,宁
𤲬,田
𤳊,并
𤴘,入
𤴘,又
𤴘,止
𤴨,又
𤴨,疒
𤴿,疒
𤷇,或
𤷇,疒
𤸃,疒
𤸬,疒
𤸱,疒
𤹝,疒
𤺄,疒
𤺉,疒
𤺊,疒
𤻲,疒
𤼒,疒
𤼤,疒
𤾕,白
𥁑,必
𥁑,皿
𥁰,血
𥄕,目
𥄱,目
𥇖,目
𥇖,非
𥇛,大
𥇜,目
𥈆,目
𥈟,目
𥈼,目
𥉈,目
𥉻,目
𥌈,目
𥌊,目
𥌗,目
𥌡,目
𥌭,目
𥍫,矛
𥍫,良
𥎆,矛
𥏫,矢
𥏼,亏
𥗁,石
𥚩,礻
𥛱,示
𥛽,礻
𥝖,气
𥝖,禾
𥞥,禾
𥠄,禾
𥡃,禾
𥢶,禾
𥣫,禾
𥣱,禾
𥥊,皿
𥥊,穴
𥥍,火
𥥻,穴
𥨍,穴
𥩓,穴
𥩓,米
𥪋,立
𥫱,屯
𥫱,竹
𥬲,竹
𥮒,竹
𥮚,竹
𥯕,竹
𥰨,竹
𥲅,心
𥳓,竹
𥴧,竹
𥴨,竹
𥴫,竹
𥵸,竹
𥷚,人
𥷚,竹
𥷚,言
𥷚,讠
𥸅,竹
𥸤,页
𥹆,尼
𥹆,米
𥻆,米
𥻦,米
𥼓,米
𥼚,米
𥼶,米
𥽘,米
𥿄,纟
𥿩,糸
𥿩,纟
𥿪,纟
𥿮,式
𥿮,纟
𥿯,纟
𦂄,纟
𦂐,纟
𦃇,纟
𦃖,纟
𦄑,纟
𦄿,纟
𦄿,黑
𦅗,纟
𦅨,纟
𦅾,纟
𦇎,纟
𦇧,纟
𦈸,或
𦈸,缶
𦉈,缶
𦉢,缶
𦉥,缶
𦊍,网
𦊍,罒
𦊾,罒
𦌔,罒
𦌬,罒
𦌭,中
𦌭,罒
𦍧,羊
𦎣,羊
𦎦,羊
𦎫,羊
𦎷,羊
𦎸,羊
𦏺,工
𦏺,羽
𦐇,日
𦐇,羽
𦐉,之
𦐉,羽
𦐛,句
𦐛,羽
𦐧,羽
𦑚,羽
𦑜,羽
𦑜,革
𦓯,耒
𦔐,耒
𦕒,占
𦕒,耳
𦗕,耳
𦗕,麻
𦘍,耳
𦘔,彡
𦘔,聿
𦚙,肉
𦚧,肉
𦛆,肉
𦜟,肉
𦝨,肉
𦝭,肉
𦞦,肉
𦟁,亡
𦠄,肉
𦣏,肉
𦤘,自
𦤙,出
𦥭,屰
𦥭,臼
𦧡,舌
𦧥,舌
𦨉,刂
𦨉,舟
𦩻,舟
𦬕,中
𦬸,术
𦺇,水
𦽡,老
𧆦,气
𧇄,虍
𧇿,且
𧈪,屮
𧈪,虫
𧉄,虫
𧊜,屰
𧊜,虫
𧊧,合
𧊧,虫
𧍓,虫
𧍕,虫
𧍖,虫
𧍘,虫
𧍸,夂
𧎥,虫
𧎾,虫
𧑎,虫
𧑐,虫
𧒘,虫
𧒾,虫
𧓉,虫
𧕅,虫
𧕿,非
𧖴,血
𧖺,血
𧗁,血
𧗎,血
𧗓,血
𧗳,行
𧗳,言
𧗸,行
𧗿,行
𧘂,行
𧘝,毛
𧘝,衣
𧘽,衣
𧚨,衣
𧛔,衣
𧛽,衣
𧜣,衣
𧝐,衣
𧝑,衣
𧝵,衣
𧝹,衣
𧞐,衣
𧢢,龠
𧢼,爿
𧢼,角
𧤕,角
𧤖,畏
𧤖,角
𧤗,角
𧤼,角
𧥑,角
𧥣,口
𧥣,讠
𧦝,乎
𧦝,讠
𧧁,言
𧧁,讠
𧧒,讠
𧧛,讠
𧧰,臣
𧧰,讠
𧧹,亻
𧧹,只
𧧹,言
𧧹,讠
𧧻,讠
𧧼,讠
𧩮,讠
𧪘,讠
𧫢,讠
𧬨,言
𧬨,讠
𧬮,言
𧬮,讠
𧭭,言
𧭭,讠
𧭹,言
𧭹,讠
𧮑,讠
𧮓,讠
𧮓,隹
𧮓,鬼
𧮯,谷
𧯆,谷
𧯡,豆
𧯦,豆
𧰲,彑
𧰲,豕
𧰵,殳
𧴄,豸
𧶊,云
𧷎,土
𧹳,赤
𧺼,走
𧻕,走
𧻚,走
𧻲,走
𧻲,里
𧻹,走
𧼏,走
𧼐,走
𧼒,走
𧼗,走
𧼨,走
𧼪,走
𧽋,走
𧽍,走
𧽐,走
𧽒,走
𧽤,走
𧽯,走
𧽸,走
𧽻,走
𧾍,走
𧾎,走
𧾚,走
𧾝,走
𧾣,走
𧾨,走
𧾫,走
𧾯,走
𧾰,走
𧾱,走
𧾵,走
𧿳,足
𨃖,足
𨃚,足
𨄚,足
𨋚,车
𨋬,车
𨎌,车
𨏉,车
𨏵,车
𨐨,井
𨑒,土
𨑒,辶
𨑩,辶
𨑭,止
𨑭,辶
𨒅,只
𨒅,辶
𨒋,辶
𨒌,正
𨒌,辶
𨓯,辶
𨓲,辶
𨔣,辶
𨔥,辶
𨖏,辶
𨖹,辶
𨘇,辶
𨘢,辶
𨘷,辶
𨙔,辶
𨙫,口
𨙫,阝
𨙶,阝
𨙷,井
𨙷,阝
𨙸,支
𨙸,阝
𨙹,少
𨙹,阝
𨙺,丑
𨙺,阝
𨙻,阝
𨚔,包
𨚔,阝
𨚙,阝
𨚴,阝
𨚵,阝
𨛋,里
𨛋,阝
𨛍,阝
𨛜,阝
𨛫,阝
𨛬,阝
𨛬,非
𨛭,阝
𨛲,阝
𨜂,尚
𨜂,阝
𨜒,阝
𨜛,阝
𨜫,阝
𨜴,阝
𨜷,阝
𨜻,阝
𨝋,阝
𨝌,阝
𨝘,阝
𨝫,阝
𨝭,阝
𨝸,阝
𨞛,阝
𨞠,共
𨞪,阝
𨞻,阝
𨞼,阝
𨟄,阝
𨟏,阝
𨟐,阝
𨟙,阝
𨟚,阝
𨟦,阝
𨟴,酉
𨠒,酉
𨡓,肉
𨡓,酉
𨡭,酉
𨢊,酉
𨢌,酉
𨢌,鬲
𨢡,酉
𨣨,酉
𨥦,钅
𨦕,钅
𨩀,钅
𨪉,钅
𨫔,钅
𨬍,钅
𨭖,钅
𨰠,钅
𨷲,龠
𨹟,阝
𨹵,阝
𨹸,土
𨹸,阝
𨺟,阝
𨻌,阝
𨻤,女
𨻺,阝
𨼇,生
𨼊,阝
𨼬,阝
𨽍,阝
𨽥,马
𨽵,火
𨽸,隶
𨽿,隶
𨾊,工
𨾊,隹
𨾔,方
𨾔,隹
𨾦,隹
𨾯,隹
𨿠,隹
𨿡,隹
𩀼,隹
𩁌,隹
𩁟,隹
𩂢,雨
𩂣,各
𩂣,雨
𩃔,雨
𩃬,今
𩃵,雨
𩄙,雨
𩄚,雨
𩄡,兼
𩄡,雨
𩅀,雨
𩅉,雨
𩅸,雨
𩅼,雨
𩆑,雨
𩆜,玉
𩆵,雨
𩇕,彡
𩇕,青
𩉺,它
𩉺,革
𩊚,各
𩊚,革
𩊝,革
𩊪,豆
𩊪,革
𩋁,革
𩋊,革
𩋠,面
𩋠,革
𩌏,革
𩌑,革
𩌦,革
𩎍,革
𩎑,革
𩐌,韭
𩑒,页
𩑔,气
𩑔,页
𩑢,不
𩑢,页
𩑣,尤
𩑣,页
𩒳,页
𩓓,页
𩓞,页
𩓣,彡
𩓣,立
𩓣,页
𩓥,页
𩓸,页
𩓽,页
𩔀,页
𩔃,页
𩔞,页
𩕀,页
𩕊,页
𩕺,页
𩕾,页
𩖊,页
𩚖,丑
𩚖,饣
𩚬,饣
𩛥,才
𩛥,食
𩛥,饣
𩛿,易
𩛿,饣
𩜁,饣
𩜈,饣
𩝍,饣
𩞑,饣
𩞧,饣
𩞷,饣
𩟴,饣
𩟷,食
𩟷,饣
𩡩,八
𩡩,马
𩡺,介
𩡺,马
𩢑,马
𩢛,马
𩢮,马
𩢯,马
𩢲,马
𩢾,马
𩣘,马
𩤠,马
𩥃,马
𩥅,马
𩦂,马
𩧀,马
𩪗,骨
𩪦,骨
𩫚,高
𩬙,髟
𩭾,髟
𩮗,髟
𩮜,刀
𩮜,易
𩮜,髟
𩯨,髟
𩯰,髟
𩰎,戈
𩰎,鬥
𩰞,鬥
𩰟,鬥
𩰢,鬯
𩰤,鬯
𩰫,鬲
𩰱,羊
𩰱,鬲
𩰾,鬲
𩱍,古
𩱓,耳
𩱘,鬲
𩱚,孛
𩱴,鬲
𩲏,鬼
𩴪,鬼
𩴱,鬼
𩵏,匕
𩵏,鱼
𩶁,丙
𩶁,鱼
𩶡,鱼
𩷏,坙
𩷏,鱼
𩷑,鱼
𩷹,鱼
𩸄,鱼
𩹾,鱼
𩺀,鱼
𩻛,鱼
𩻜,鱼
𩼪,水
𩽩,鱼
𩽵,鱼
𩽺,夫
𩽺,鱼
𩿈,分
𩿈,鸟
𩿢,鸟
𪀐,鸟
𪀖,鸟
𪀝,屰
𪀝,鸟
𪀦,式
𪀦,鸟
𪁉,交
𪁉,鸟
𪁾,鸟
𪂆,鸟
𪂚,鸟
𪂴,青
𪂴,鸟
𪃈,鸟
𪃐,鸟
𪄭,鸟
𪄼,鸟
𪅀,鸟
𪅟,鸟
𪅡,鸟
𪅳,鸟
𪆄,鸟
𪆖,鸟
𪆩,鸟
𪆫,鸟
𪇊,鸟
𪇬,鸟
𪇲,鸟
𪇷,鸟
𪈁,鸟
𪈅,鸟
𪈒,鸟
𪊧,鹿
𪊨,鹿
𪋐,鹿
𪋝,鹿
𪋧,鹿
𪋮,鹿
𪋻,土
𪎨,麻
𪎭,麻
𪎭,黍
𪎮,手
𪏻,古
𪏻,黍
𪐄,黍
𪑙,金
𪑙,黑
𪑝,或
𪑝,黑
𪑲,黑
𪒀,黑
𪒠,黑
𪒹,黑
𪓐,黹
𪔕,缶
𪔕,鼓
𪔪,鼓
𪔳,鼓
𪕊,鼠
𪕎,鼠
𪕮,鼠
𪕶,鼠
𪖇,鼠
𪗇,肉
𪗉,禾
𪗋,衣
𪗙,干
𪗙,齿
𪗨,出
𪗨,齿
𪗻,至
𪗻,齿
𪗽,齿
𪗾,吉
𪗾,齿
𪗿,齿
𪘓,齿
𪘧,齿
𪙉,齿
𪙊,兼
𪙊,齿
𪙑,齿
𪚁,齿
