id,unicode,browser,sample,name
1,U+1F600,ğŸ˜€,,grinning face
2,U+1F603,ğŸ˜ƒ,,grinning face with big eyes
3,U+1F604,ğŸ˜„,,grinning face with smiling eyes
4,U+1F601,ğŸ˜,,beaming face with smiling eyes
5,U+1F606,ğŸ˜†,,grinning squinting face
6,U+1F605,ğŸ˜…,,grinning face with sweat
7,U+1F923,ğŸ¤£,,rolling on the floor laughing
8,U+1F602,ğŸ˜‚,,face with tears of joy
9,U+1F642,ğŸ™‚,,slightly smiling face
10,U+1F643,ğŸ™ƒ,,upside-down face
11,U+1FAE0,ğŸ« ,,melting face
12,U+1F609,ğŸ˜‰,,winking face
13,U+1F60A,ğŸ˜Š,,smiling face with smiling eyes
14,U+1F607,ğŸ˜‡,,smiling face with halo
15,U+1F970,ğŸ¥°,,smiling face with hearts
16,U+1F60D,ğŸ˜,,smiling face with heart-eyes
17,U+1F929,ğŸ¤©,,star-struck
18,U+1F618,ğŸ˜˜,,face blowing a kiss
19,U+1F617,ğŸ˜—,,kissing face
20,U+263A,â˜º,,smiling face
21,U+1F61A,ğŸ˜š,,kissing face with closed eyes
22,U+1F619,ğŸ˜™,,kissing face with smiling eyes
23,U+1F972,ğŸ¥²,,smiling face with tear
24,U+1F60B,ğŸ˜‹,,face savoring food
25,U+1F61B,ğŸ˜›,,face with tongue
26,U+1F61C,ğŸ˜œ,,winking face with tongue
27,U+1F92A,ğŸ¤ª,,zany face
28,U+1F61D,ğŸ˜,,squinting face with tongue
29,U+1F911,ğŸ¤‘,,money-mouth face
30,U+1F917,ğŸ¤—,,smiling face with open hands
31,U+1F92D,ğŸ¤­,,face with hand over mouth
32,U+1FAE2,ğŸ«¢,,face with open eyes and hand over mouth
33,U+1FAE3,ğŸ«£,,face with peeking eye
34,U+1F92B,ğŸ¤«,,shushing face
35,U+1F914,ğŸ¤”,,thinking face
36,U+1FAE1,ğŸ«¡,,saluting face
37,U+1F910,ğŸ¤,,zipper-mouth face
38,U+1F928,ğŸ¤¨,,face with raised eyebrow
39,U+1F610,ğŸ˜,,neutral face
40,U+1F611,ğŸ˜‘,,expressionless face
41,U+1F636,ğŸ˜¶,,face without mouth
42,U+1FAE5,ğŸ«¥,,dotted line face
43,U+1F636 U+200D U+1F32B U+FE0F,ğŸ˜¶â€ğŸŒ«ï¸,,face in clouds
44,U+1F60F,ğŸ˜,,smirking face
45,U+1F612,ğŸ˜’,,unamused face
46,U+1F644,ğŸ™„,,face with rolling eyes
47,U+1F62C,ğŸ˜¬,,grimacing face
48,U+1F62E U+200D U+1F4A8,ğŸ˜®â€ğŸ’¨,,face exhaling
49,U+1F925,ğŸ¤¥,,lying face
50,U+1FAE8,ğŸ«¨,,shaking face
51,U+1F642 U+200D U+2194 U+FE0F,ğŸ™‚â€â†”ï¸,,âŠ› head shaking horizontally
52,U+1F642 U+200D U+2195 U+FE0F,ğŸ™‚â€â†•ï¸,,âŠ› head shaking vertically
53,U+1F60C,ğŸ˜Œ,,relieved face
54,U+1F614,ğŸ˜”,,pensive face
55,U+1F62A,ğŸ˜ª,,sleepy face
56,U+1F924,ğŸ¤¤,,drooling face
57,U+1F634,ğŸ˜´,,sleeping face
58,U+1F637,ğŸ˜·,,face with medical mask
59,U+1F912,ğŸ¤’,,face with thermometer
60,U+1F915,ğŸ¤•,,face with head-bandage
61,U+1F922,ğŸ¤¢,,nauseated face
62,U+1F92E,ğŸ¤®,,face vomiting
63,U+1F927,ğŸ¤§,,sneezing face
64,U+1F975,ğŸ¥µ,,hot face
65,U+1F976,ğŸ¥¶,,cold face
66,U+1F974,ğŸ¥´,,woozy face
67,U+1F635,ğŸ˜µ,,face with crossed-out eyes
68,U+1F635 U+200D U+1F4AB,ğŸ˜µâ€ğŸ’«,,face with spiral eyes
69,U+1F92F,ğŸ¤¯,,exploding head
70,U+1F920,ğŸ¤ ,,cowboy hat face
71,U+1F973,ğŸ¥³,,partying face
72,U+1F978,ğŸ¥¸,,disguised face
73,U+1F60E,ğŸ˜,,smiling face with sunglasses
74,U+1F913,ğŸ¤“,,nerd face
75,U+1F9D0,ğŸ§,,face with monocle
76,U+1F615,ğŸ˜•,,confused face
77,U+1FAE4,ğŸ«¤,,face with diagonal mouth
78,U+1F61F,ğŸ˜Ÿ,,worried face
79,U+1F641,ğŸ™,,slightly frowning face
80,U+2639,â˜¹,,frowning face
81,U+1F62E,ğŸ˜®,,face with open mouth
82,U+1F62F,ğŸ˜¯,,hushed face
83,U+1F632,ğŸ˜²,,astonished face
84,U+1F633,ğŸ˜³,,flushed face
85,U+1F97A,ğŸ¥º,,pleading face
86,U+1F979,ğŸ¥¹,,face holding back tears
87,U+1F626,ğŸ˜¦,,frowning face with open mouth
88,U+1F627,ğŸ˜§,,anguished face
89,U+1F628,ğŸ˜¨,,fearful face
90,U+1F630,ğŸ˜°,,anxious face with sweat
91,U+1F625,ğŸ˜¥,,sad but relieved face
92,U+1F622,ğŸ˜¢,,crying face
93,U+1F62D,ğŸ˜­,,loudly crying face
94,U+1F631,ğŸ˜±,,face screaming in fear
95,U+1F616,ğŸ˜–,,confounded face
96,U+1F623,ğŸ˜£,,persevering face
97,U+1F61E,ğŸ˜,,disappointed face
98,U+1F613,ğŸ˜“,,downcast face with sweat
99,U+1F629,ğŸ˜©,,weary face
100,U+1F62B,ğŸ˜«,,tired face
101,U+1F971,ğŸ¥±,,yawning face
102,U+1F624,ğŸ˜¤,,face with steam from nose
103,U+1F621,ğŸ˜¡,,enraged face
104,U+1F620,ğŸ˜ ,,angry face
105,U+1F92C,ğŸ¤¬,,face with symbols on mouth
106,U+1F608,ğŸ˜ˆ,,smiling face with horns
107,U+1F47F,ğŸ‘¿,,angry face with horns
108,U+1F480,ğŸ’€,,skull
109,U+2620,â˜ ,,skull and crossbones
110,U+1F4A9,ğŸ’©,,pile of poo
111,U+1F921,ğŸ¤¡,,clown face
112,U+1F479,ğŸ‘¹,,ogre
113,U+1F47A,ğŸ‘º,,goblin
114,U+1F47B,ğŸ‘»,,ghost
115,U+1F47D,ğŸ‘½,,alien
116,U+1F47E,ğŸ‘¾,,alien monster
117,U+1F916,ğŸ¤–,,robot
118,U+1F63A,ğŸ˜º,,grinning cat
119,U+1F638,ğŸ˜¸,,grinning cat with smiling eyes
120,U+1F639,ğŸ˜¹,,cat with tears of joy
121,U+1F63B,ğŸ˜»,,smiling cat with heart-eyes
122,U+1F63C,ğŸ˜¼,,cat with wry smile
123,U+1F63D,ğŸ˜½,,kissing cat
124,U+1F640,ğŸ™€,,weary cat
125,U+1F63F,ğŸ˜¿,,crying cat
126,U+1F63E,ğŸ˜¾,,pouting cat
127,U+1F648,ğŸ™ˆ,,see-no-evil monkey
128,U+1F649,ğŸ™‰,,hear-no-evil monkey
129,U+1F64A,ğŸ™Š,,speak-no-evil monkey
130,U+1F48C,ğŸ’Œ,,love letter
131,U+1F498,ğŸ’˜,,heart with arrow
132,U+1F49D,ğŸ’,,heart with ribbon
133,U+1F496,ğŸ’–,,sparkling heart
134,U+1F497,ğŸ’—,,growing heart
135,U+1F493,ğŸ’“,,beating heart
136,U+1F49E,ğŸ’,,revolving hearts
137,U+1F495,ğŸ’•,,two hearts
138,U+1F49F,ğŸ’Ÿ,,heart decoration
139,U+2763,â£,,heart exclamation
140,U+1F494,ğŸ’”,,broken heart
141,U+2764 U+FE0F U+200D U+1F525,â¤ï¸â€ğŸ”¥,,heart on fire
142,U+2764 U+FE0F U+200D U+1FA79,â¤ï¸â€ğŸ©¹,,mending heart
143,U+2764,â¤,,red heart
144,U+1FA77,ğŸ©·,,pink heart
145,U+1F9E1,ğŸ§¡,,orange heart
146,U+1F49B,ğŸ’›,,yellow heart
147,U+1F49A,ğŸ’š,,green heart
148,U+1F499,ğŸ’™,,blue heart
149,U+1FA75,ğŸ©µ,,light blue heart
150,U+1F49C,ğŸ’œ,,purple heart
151,U+1F90E,ğŸ¤,,brown heart
152,U+1F5A4,ğŸ–¤,,black heart
153,U+1FA76,ğŸ©¶,,grey heart
154,U+1F90D,ğŸ¤,,white heart
155,U+1F48B,ğŸ’‹,,kiss mark
156,U+1F4AF,ğŸ’¯,,hundred points
157,U+1F4A2,ğŸ’¢,,anger symbol
158,U+1F4A5,ğŸ’¥,,collision
159,U+1F4AB,ğŸ’«,,dizzy
160,U+1F4A6,ğŸ’¦,,sweat droplets
161,U+1F4A8,ğŸ’¨,,dashing away
162,U+1F573,ğŸ•³,,hole
163,U+1F4AC,ğŸ’¬,,speech balloon
164,U+1F441 U+FE0F U+200D U+1F5E8 U+FE0F,ğŸ‘ï¸â€ğŸ—¨ï¸,,eye in speech bubble
165,U+1F5E8,ğŸ—¨,,left speech bubble
166,U+1F5EF,ğŸ—¯,,right anger bubble
167,U+1F4AD,ğŸ’­,,thought balloon
168,U+1F4A4,ğŸ’¤,,ZZZ
169,U+1F44B,ğŸ‘‹,,waving hand
170,U+1F91A,ğŸ¤š,,raised back of hand
171,U+1F590,ğŸ–,,hand with fingers splayed
172,U+270B,âœ‹,,raised hand
173,U+1F596,ğŸ––,,vulcan salute
174,U+1FAF1,ğŸ«±,,rightwards hand
175,U+1FAF2,ğŸ«²,,leftwards hand
176,U+1FAF3,ğŸ«³,,palm down hand
177,U+1FAF4,ğŸ«´,,palm up hand
178,U+1FAF7,ğŸ«·,,leftwards pushing hand
179,U+1FAF8,ğŸ«¸,,rightwards pushing hand
180,U+1F44C,ğŸ‘Œ,,OK hand
181,U+1F90C,ğŸ¤Œ,,pinched fingers
182,U+1F90F,ğŸ¤,,pinching hand
183,U+270C,âœŒ,,victory hand
184,U+1F91E,ğŸ¤,,crossed fingers
185,U+1FAF0,ğŸ«°,,hand with index finger and thumb crossed
186,U+1F91F,ğŸ¤Ÿ,,love-you gesture
187,U+1F918,ğŸ¤˜,,sign of the horns
188,U+1F919,ğŸ¤™,,call me hand
189,U+1F448,ğŸ‘ˆ,,backhand index pointing left
190,U+1F449,ğŸ‘‰,,backhand index pointing right
191,U+1F446,ğŸ‘†,,backhand index pointing up
192,U+1F595,ğŸ–•,,middle finger
193,U+1F447,ğŸ‘‡,,backhand index pointing down
194,U+261D,â˜,,index pointing up
195,U+1FAF5,ğŸ«µ,,index pointing at the viewer
196,U+1F44D,ğŸ‘,,thumbs up
197,U+1F44E,ğŸ‘,,thumbs down
198,U+270A,âœŠ,,raised fist
199,U+1F44A,ğŸ‘Š,,oncoming fist
200,U+1F91B,ğŸ¤›,,left-facing fist
201,U+1F91C,ğŸ¤œ,,right-facing fist
202,U+1F44F,ğŸ‘,,clapping hands
203,U+1F64C,ğŸ™Œ,,raising hands
204,U+1FAF6,ğŸ«¶,,heart hands
205,U+1F450,ğŸ‘,,open hands
206,U+1F932,ğŸ¤²,,palms up together
207,U+1F91D,ğŸ¤,,handshake
208,U+1F64F,ğŸ™,,folded hands
209,U+270D,âœ,,writing hand
210,U+1F485,ğŸ’…,,nail polish
211,U+1F933,ğŸ¤³,,selfie
212,U+1F4AA,ğŸ’ª,,flexed biceps
213,U+1F9BE,ğŸ¦¾,,mechanical arm
214,U+1F9BF,ğŸ¦¿,,mechanical leg
215,U+1F9B5,ğŸ¦µ,,leg
216,U+1F9B6,ğŸ¦¶,,foot
217,U+1F442,ğŸ‘‚,,ear
218,U+1F9BB,ğŸ¦»,,ear with hearing aid
219,U+1F443,ğŸ‘ƒ,,nose
220,U+1F9E0,ğŸ§ ,,brain
221,U+1FAC0,ğŸ«€,,anatomical heart
222,U+1FAC1,ğŸ«,,lungs
223,U+1F9B7,ğŸ¦·,,tooth
224,U+1F9B4,ğŸ¦´,,bone
225,U+1F440,ğŸ‘€,,eyes
226,U+1F441,ğŸ‘,,eye
227,U+1F445,ğŸ‘…,,tongue
228,U+1F444,ğŸ‘„,,mouth
229,U+1FAE6,ğŸ«¦,,biting lip
230,U+1F476,ğŸ‘¶,,baby
231,U+1F9D2,ğŸ§’,,child
232,U+1F466,ğŸ‘¦,,boy
233,U+1F467,ğŸ‘§,,girl
234,U+1F9D1,ğŸ§‘,,person
235,U+1F471,ğŸ‘±,,person: blond hair
236,U+1F468,ğŸ‘¨,,man
237,U+1F9D4,ğŸ§”,,person: beard
238,U+1F9D4 U+200D U+2642 U+FE0F,ğŸ§”â€â™‚ï¸,,man: beard
239,U+1F9D4 U+200D U+2640 U+FE0F,ğŸ§”â€â™€ï¸,,woman: beard
240,U+1F468 U+200D U+1F9B0,ğŸ‘¨â€ğŸ¦°,,man: red hair
241,U+1F468 U+200D U+1F9B1,ğŸ‘¨â€ğŸ¦±,,man: curly hair
242,U+1F468 U+200D U+1F9B3,ğŸ‘¨â€ğŸ¦³,,man: white hair
243,U+1F468 U+200D U+1F9B2,ğŸ‘¨â€ğŸ¦²,,man: bald
244,U+1F469,ğŸ‘©,,woman
245,U+1F469 U+200D U+1F9B0,ğŸ‘©â€ğŸ¦°,,woman: red hair
246,U+1F9D1 U+200D U+1F9B0,ğŸ§‘â€ğŸ¦°,,person: red hair
247,U+1F469 U+200D U+1F9B1,ğŸ‘©â€ğŸ¦±,,woman: curly hair
248,U+1F9D1 U+200D U+1F9B1,ğŸ§‘â€ğŸ¦±,,person: curly hair
249,U+1F469 U+200D U+1F9B3,ğŸ‘©â€ğŸ¦³,,woman: white hair
250,U+1F9D1 U+200D U+1F9B3,ğŸ§‘â€ğŸ¦³,,person: white hair
251,U+1F469 U+200D U+1F9B2,ğŸ‘©â€ğŸ¦²,,woman: bald
252,U+1F9D1 U+200D U+1F9B2,ğŸ§‘â€ğŸ¦²,,person: bald
253,U+1F471 U+200D U+2640 U+FE0F,ğŸ‘±â€â™€ï¸,,woman: blond hair
254,U+1F471 U+200D U+2642 U+FE0F,ğŸ‘±â€â™‚ï¸,,man: blond hair
255,U+1F9D3,ğŸ§“,,older person
256,U+1F474,ğŸ‘´,,old man
257,U+1F475,ğŸ‘µ,,old woman
258,U+1F64D,ğŸ™,,person frowning
259,U+1F64D U+200D U+2642 U+FE0F,ğŸ™â€â™‚ï¸,,man frowning
260,U+1F64D U+200D U+2640 U+FE0F,ğŸ™â€â™€ï¸,,woman frowning
261,U+1F64E,ğŸ™,,person pouting
262,U+1F64E U+200D U+2642 U+FE0F,ğŸ™â€â™‚ï¸,,man pouting
263,U+1F64E U+200D U+2640 U+FE0F,ğŸ™â€â™€ï¸,,woman pouting
264,U+1F645,ğŸ™…,,person gesturing NO
265,U+1F645 U+200D U+2642 U+FE0F,ğŸ™…â€â™‚ï¸,,man gesturing NO
266,U+1F645 U+200D U+2640 U+FE0F,ğŸ™…â€â™€ï¸,,woman gesturing NO
267,U+1F646,ğŸ™†,,person gesturing OK
268,U+1F646 U+200D U+2642 U+FE0F,ğŸ™†â€â™‚ï¸,,man gesturing OK
269,U+1F646 U+200D U+2640 U+FE0F,ğŸ™†â€â™€ï¸,,woman gesturing OK
270,U+1F481,ğŸ’,,person tipping hand
271,U+1F481 U+200D U+2642 U+FE0F,ğŸ’â€â™‚ï¸,,man tipping hand
272,U+1F481 U+200D U+2640 U+FE0F,ğŸ’â€â™€ï¸,,woman tipping hand
273,U+1F64B,ğŸ™‹,,person raising hand
274,U+1F64B U+200D U+2642 U+FE0F,ğŸ™‹â€â™‚ï¸,,man raising hand
275,U+1F64B U+200D U+2640 U+FE0F,ğŸ™‹â€â™€ï¸,,woman raising hand
276,U+1F9CF,ğŸ§,,deaf person
277,U+1F9CF U+200D U+2642 U+FE0F,ğŸ§â€â™‚ï¸,,deaf man
278,U+1F9CF U+200D U+2640 U+FE0F,ğŸ§â€â™€ï¸,,deaf woman
279,U+1F647,ğŸ™‡,,person bowing
280,U+1F647 U+200D U+2642 U+FE0F,ğŸ™‡â€â™‚ï¸,,man bowing
281,U+1F647 U+200D U+2640 U+FE0F,ğŸ™‡â€â™€ï¸,,woman bowing
282,U+1F926,ğŸ¤¦,,person facepalming
283,U+1F926 U+200D U+2642 U+FE0F,ğŸ¤¦â€â™‚ï¸,,man facepalming
284,U+1F926 U+200D U+2640 U+FE0F,ğŸ¤¦â€â™€ï¸,,woman facepalming
285,U+1F937,ğŸ¤·,,person shrugging
286,U+1F937 U+200D U+2642 U+FE0F,ğŸ¤·â€â™‚ï¸,,man shrugging
287,U+1F937 U+200D U+2640 U+FE0F,ğŸ¤·â€â™€ï¸,,woman shrugging
288,U+1F9D1 U+200D U+2695 U+FE0F,ğŸ§‘â€âš•ï¸,,health worker
289,U+1F468 U+200D U+2695 U+FE0F,ğŸ‘¨â€âš•ï¸,,man health worker
290,U+1F469 U+200D U+2695 U+FE0F,ğŸ‘©â€âš•ï¸,,woman health worker
291,U+1F9D1 U+200D U+1F393,ğŸ§‘â€ğŸ“,,student
292,U+1F468 U+200D U+1F393,ğŸ‘¨â€ğŸ“,,man student
293,U+1F469 U+200D U+1F393,ğŸ‘©â€ğŸ“,,woman student
294,U+1F9D1 U+200D U+1F3EB,ğŸ§‘â€ğŸ«,,teacher
295,U+1F468 U+200D U+1F3EB,ğŸ‘¨â€ğŸ«,,man teacher
296,U+1F469 U+200D U+1F3EB,ğŸ‘©â€ğŸ«,,woman teacher
297,U+1F9D1 U+200D U+2696 U+FE0F,ğŸ§‘â€âš–ï¸,,judge
298,U+1F468 U+200D U+2696 U+FE0F,ğŸ‘¨â€âš–ï¸,,man judge
299,U+1F469 U+200D U+2696 U+FE0F,ğŸ‘©â€âš–ï¸,,woman judge
300,U+1F9D1 U+200D U+1F33E,ğŸ§‘â€ğŸŒ¾,,farmer
301,U+1F468 U+200D U+1F33E,ğŸ‘¨â€ğŸŒ¾,,man farmer
302,U+1F469 U+200D U+1F33E,ğŸ‘©â€ğŸŒ¾,,woman farmer
303,U+1F9D1 U+200D U+1F373,ğŸ§‘â€ğŸ³,,cook
304,U+1F468 U+200D U+1F373,ğŸ‘¨â€ğŸ³,,man cook
305,U+1F469 U+200D U+1F373,ğŸ‘©â€ğŸ³,,woman cook
306,U+1F9D1 U+200D U+1F527,ğŸ§‘â€ğŸ”§,,mechanic
307,U+1F468 U+200D U+1F527,ğŸ‘¨â€ğŸ”§,,man mechanic
308,U+1F469 U+200D U+1F527,ğŸ‘©â€ğŸ”§,,woman mechanic
309,U+1F9D1 U+200D U+1F3ED,ğŸ§‘â€ğŸ­,,factory worker
310,U+1F468 U+200D U+1F3ED,ğŸ‘¨â€ğŸ­,,man factory worker
311,U+1F469 U+200D U+1F3ED,ğŸ‘©â€ğŸ­,,woman factory worker
312,U+1F9D1 U+200D U+1F4BC,ğŸ§‘â€ğŸ’¼,,office worker
313,U+1F468 U+200D U+1F4BC,ğŸ‘¨â€ğŸ’¼,,man office worker
314,U+1F469 U+200D U+1F4BC,ğŸ‘©â€ğŸ’¼,,woman office worker
315,U+1F9D1 U+200D U+1F52C,ğŸ§‘â€ğŸ”¬,,scientist
316,U+1F468 U+200D U+1F52C,ğŸ‘¨â€ğŸ”¬,,man scientist
317,U+1F469 U+200D U+1F52C,ğŸ‘©â€ğŸ”¬,,woman scientist
318,U+1F9D1 U+200D U+1F4BB,ğŸ§‘â€ğŸ’»,,technologist
319,U+1F468 U+200D U+1F4BB,ğŸ‘¨â€ğŸ’»,,man technologist
320,U+1F469 U+200D U+1F4BB,ğŸ‘©â€ğŸ’»,,woman technologist
321,U+1F9D1 U+200D U+1F3A4,ğŸ§‘â€ğŸ¤,,singer
322,U+1F468 U+200D U+1F3A4,ğŸ‘¨â€ğŸ¤,,man singer
323,U+1F469 U+200D U+1F3A4,ğŸ‘©â€ğŸ¤,,woman singer
324,U+1F9D1 U+200D U+1F3A8,ğŸ§‘â€ğŸ¨,,artist
325,U+1F468 U+200D U+1F3A8,ğŸ‘¨â€ğŸ¨,,man artist
326,U+1F469 U+200D U+1F3A8,ğŸ‘©â€ğŸ¨,,woman artist
327,U+1F9D1 U+200D U+2708 U+FE0F,ğŸ§‘â€âœˆï¸,,pilot
328,U+1F468 U+200D U+2708 U+FE0F,ğŸ‘¨â€âœˆï¸,,man pilot
329,U+1F469 U+200D U+2708 U+FE0F,ğŸ‘©â€âœˆï¸,,woman pilot
330,U+1F9D1 U+200D U+1F680,ğŸ§‘â€ğŸš€,,astronaut
331,U+1F468 U+200D U+1F680,ğŸ‘¨â€ğŸš€,,man astronaut
332,U+1F469 U+200D U+1F680,ğŸ‘©â€ğŸš€,,woman astronaut
333,U+1F9D1 U+200D U+1F692,ğŸ§‘â€ğŸš’,,firefighter
334,U+1F468 U+200D U+1F692,ğŸ‘¨â€ğŸš’,,man firefighter
335,U+1F469 U+200D U+1F692,ğŸ‘©â€ğŸš’,,woman firefighter
336,U+1F46E,ğŸ‘®,,police officer
337,U+1F46E U+200D U+2642 U+FE0F,ğŸ‘®â€â™‚ï¸,,man police officer
338,U+1F46E U+200D U+2640 U+FE0F,ğŸ‘®â€â™€ï¸,,woman police officer
339,U+1F575,ğŸ•µ,,detective
340,U+1F575 U+FE0F U+200D U+2642 U+FE0F,ğŸ•µï¸â€â™‚ï¸,,man detective
341,U+1F575 U+FE0F U+200D U+2640 U+FE0F,ğŸ•µï¸â€â™€ï¸,,woman detective
342,U+1F482,ğŸ’‚,,guard
343,U+1F482 U+200D U+2642 U+FE0F,ğŸ’‚â€â™‚ï¸,,man guard
344,U+1F482 U+200D U+2640 U+FE0F,ğŸ’‚â€â™€ï¸,,woman guard
345,U+1F977,ğŸ¥·,,ninja
346,U+1F477,ğŸ‘·,,construction worker
347,U+1F477 U+200D U+2642 U+FE0F,ğŸ‘·â€â™‚ï¸,,man construction worker
348,U+1F477 U+200D U+2640 U+FE0F,ğŸ‘·â€â™€ï¸,,woman construction worker
349,U+1FAC5,ğŸ«…,,person with crown
350,U+1F934,ğŸ¤´,,prince
351,U+1F478,ğŸ‘¸,,princess
352,U+1F473,ğŸ‘³,,person wearing turban
353,U+1F473 U+200D U+2642 U+FE0F,ğŸ‘³â€â™‚ï¸,,man wearing turban
354,U+1F473 U+200D U+2640 U+FE0F,ğŸ‘³â€â™€ï¸,,woman wearing turban
355,U+1F472,ğŸ‘²,,person with skullcap
356,U+1F9D5,ğŸ§•,,woman with headscarf
357,U+1F935,ğŸ¤µ,,person in tuxedo
358,U+1F935 U+200D U+2642 U+FE0F,ğŸ¤µâ€â™‚ï¸,,man in tuxedo
359,U+1F935 U+200D U+2640 U+FE0F,ğŸ¤µâ€â™€ï¸,,woman in tuxedo
360,U+1F470,ğŸ‘°,,person with veil
361,U+1F470 U+200D U+2642 U+FE0F,ğŸ‘°â€â™‚ï¸,,man with veil
362,U+1F470 U+200D U+2640 U+FE0F,ğŸ‘°â€â™€ï¸,,woman with veil
363,U+1F930,ğŸ¤°,,pregnant woman
364,U+1FAC3,ğŸ«ƒ,,pregnant man
365,U+1FAC4,ğŸ«„,,pregnant person
366,U+1F931,ğŸ¤±,,breast-feeding
367,U+1F469 U+200D U+1F37C,ğŸ‘©â€ğŸ¼,,woman feeding baby
368,U+1F468 U+200D U+1F37C,ğŸ‘¨â€ğŸ¼,,man feeding baby
369,U+1F9D1 U+200D U+1F37C,ğŸ§‘â€ğŸ¼,,person feeding baby
370,U+1F47C,ğŸ‘¼,,baby angel
371,U+1F385,ğŸ…,,Santa Claus
372,U+1F936,ğŸ¤¶,,Mrs. Claus
373,U+1F9D1 U+200D U+1F384,ğŸ§‘â€ğŸ„,,mx claus
374,U+1F9B8,ğŸ¦¸,,superhero
375,U+1F9B8 U+200D U+2642 U+FE0F,ğŸ¦¸â€â™‚ï¸,,man superhero
376,U+1F9B8 U+200D U+2640 U+FE0F,ğŸ¦¸â€â™€ï¸,,woman superhero
377,U+1F9B9,ğŸ¦¹,,supervillain
378,U+1F9B9 U+200D U+2642 U+FE0F,ğŸ¦¹â€â™‚ï¸,,man supervillain
379,U+1F9B9 U+200D U+2640 U+FE0F,ğŸ¦¹â€â™€ï¸,,woman supervillain
380,U+1F9D9,ğŸ§™,,mage
381,U+1F9D9 U+200D U+2642 U+FE0F,ğŸ§™â€â™‚ï¸,,man mage
382,U+1F9D9 U+200D U+2640 U+FE0F,ğŸ§™â€â™€ï¸,,woman mage
383,U+1F9DA,ğŸ§š,,fairy
384,U+1F9DA U+200D U+2642 U+FE0F,ğŸ§šâ€â™‚ï¸,,man fairy
385,U+1F9DA U+200D U+2640 U+FE0F,ğŸ§šâ€â™€ï¸,,woman fairy
386,U+1F9DB,ğŸ§›,,vampire
387,U+1F9DB U+200D U+2642 U+FE0F,ğŸ§›â€â™‚ï¸,,man vampire
388,U+1F9DB U+200D U+2640 U+FE0F,ğŸ§›â€â™€ï¸,,woman vampire
389,U+1F9DC,ğŸ§œ,,merperson
390,U+1F9DC U+200D U+2642 U+FE0F,ğŸ§œâ€â™‚ï¸,,merman
391,U+1F9DC U+200D U+2640 U+FE0F,ğŸ§œâ€â™€ï¸,,mermaid
392,U+1F9DD,ğŸ§,,elf
393,U+1F9DD U+200D U+2642 U+FE0F,ğŸ§â€â™‚ï¸,,man elf
394,U+1F9DD U+200D U+2640 U+FE0F,ğŸ§â€â™€ï¸,,woman elf
395,U+1F9DE,ğŸ§,,genie
396,U+1F9DE U+200D U+2642 U+FE0F,ğŸ§â€â™‚ï¸,,man genie
397,U+1F9DE U+200D U+2640 U+FE0F,ğŸ§â€â™€ï¸,,woman genie
398,U+1F9DF,ğŸ§Ÿ,,zombie
399,U+1F9DF U+200D U+2642 U+FE0F,ğŸ§Ÿâ€â™‚ï¸,,man zombie
400,U+1F9DF U+200D U+2640 U+FE0F,ğŸ§Ÿâ€â™€ï¸,,woman zombie
401,U+1F9CC,ğŸ§Œ,,troll
402,U+1F486,ğŸ’†,,person getting massage
403,U+1F486 U+200D U+2642 U+FE0F,ğŸ’†â€â™‚ï¸,,man getting massage
404,U+1F486 U+200D U+2640 U+FE0F,ğŸ’†â€â™€ï¸,,woman getting massage
405,U+1F487,ğŸ’‡,,person getting haircut
406,U+1F487 U+200D U+2642 U+FE0F,ğŸ’‡â€â™‚ï¸,,man getting haircut
407,U+1F487 U+200D U+2640 U+FE0F,ğŸ’‡â€â™€ï¸,,woman getting haircut
408,U+1F6B6,ğŸš¶,,person walking
409,U+1F6B6 U+200D U+2642 U+FE0F,ğŸš¶â€â™‚ï¸,,man walking
410,U+1F6B6 U+200D U+2640 U+FE0F,ğŸš¶â€â™€ï¸,,woman walking
414,U+1F9CD,ğŸ§,,person standing
415,U+1F9CD U+200D U+2642 U+FE0F,ğŸ§â€â™‚ï¸,,man standing
416,U+1F9CD U+200D U+2640 U+FE0F,ğŸ§â€â™€ï¸,,woman standing
417,U+1F9CE,ğŸ§,,person kneeling
418,U+1F9CE U+200D U+2642 U+FE0F,ğŸ§â€â™‚ï¸,,man kneeling
419,U+1F9CE U+200D U+2640 U+FE0F,ğŸ§â€â™€ï¸,,woman kneeling
423,U+1F9D1 U+200D U+1F9AF,ğŸ§‘â€ğŸ¦¯,,person with white cane
425,U+1F468 U+200D U+1F9AF,ğŸ‘¨â€ğŸ¦¯,,man with white cane
427,U+1F469 U+200D U+1F9AF,ğŸ‘©â€ğŸ¦¯,,woman with white cane
429,U+1F9D1 U+200D U+1F9BC,ğŸ§‘â€ğŸ¦¼,,person in motorized wheelchair
431,U+1F468 U+200D U+1F9BC,ğŸ‘¨â€ğŸ¦¼,,man in motorized wheelchair
433,U+1F469 U+200D U+1F9BC,ğŸ‘©â€ğŸ¦¼,,woman in motorized wheelchair
435,U+1F9D1 U+200D U+1F9BD,ğŸ§‘â€ğŸ¦½,,person in manual wheelchair
437,U+1F468 U+200D U+1F9BD,ğŸ‘¨â€ğŸ¦½,,man in manual wheelchair
439,U+1F469 U+200D U+1F9BD,ğŸ‘©â€ğŸ¦½,,woman in manual wheelchair
441,U+1F3C3,ğŸƒ,,person running
442,U+1F3C3 U+200D U+2642 U+FE0F,ğŸƒâ€â™‚ï¸,,man running
443,U+1F3C3 U+200D U+2640 U+FE0F,ğŸƒâ€â™€ï¸,,woman running
447,U+1F483,ğŸ’ƒ,,woman dancing
448,U+1F57A,ğŸ•º,,man dancing
449,U+1F574,ğŸ•´,,person in suit levitating
450,U+1F46F,ğŸ‘¯,,people with bunny ears
451,U+1F46F U+200D U+2642 U+FE0F,ğŸ‘¯â€â™‚ï¸,,men with bunny ears
452,U+1F46F U+200D U+2640 U+FE0F,ğŸ‘¯â€â™€ï¸,,women with bunny ears
453,U+1F9D6,ğŸ§–,,person in steamy room
454,U+1F9D6 U+200D U+2642 U+FE0F,ğŸ§–â€â™‚ï¸,,man in steamy room
455,U+1F9D6 U+200D U+2640 U+FE0F,ğŸ§–â€â™€ï¸,,woman in steamy room
456,U+1F9D7,ğŸ§—,,person climbing
457,U+1F9D7 U+200D U+2642 U+FE0F,ğŸ§—â€â™‚ï¸,,man climbing
458,U+1F9D7 U+200D U+2640 U+FE0F,ğŸ§—â€â™€ï¸,,woman climbing
459,U+1F93A,ğŸ¤º,,person fencing
460,U+1F3C7,ğŸ‡,,horse racing
461,U+26F7,â›·,,skier
462,U+1F3C2,ğŸ‚,,snowboarder
463,U+1F3CC,ğŸŒ,,person golfing
464,U+1F3CC U+FE0F U+200D U+2642 U+FE0F,ğŸŒï¸â€â™‚ï¸,,man golfing
465,U+1F3CC U+FE0F U+200D U+2640 U+FE0F,ğŸŒï¸â€â™€ï¸,,woman golfing
466,U+1F3C4,ğŸ„,,person surfing
467,U+1F3C4 U+200D U+2642 U+FE0F,ğŸ„â€â™‚ï¸,,man surfing
468,U+1F3C4 U+200D U+2640 U+FE0F,ğŸ„â€â™€ï¸,,woman surfing
469,U+1F6A3,ğŸš£,,person rowing boat
470,U+1F6A3 U+200D U+2642 U+FE0F,ğŸš£â€â™‚ï¸,,man rowing boat
471,U+1F6A3 U+200D U+2640 U+FE0F,ğŸš£â€â™€ï¸,,woman rowing boat
472,U+1F3CA,ğŸŠ,,person swimming
473,U+1F3CA U+200D U+2642 U+FE0F,ğŸŠâ€â™‚ï¸,,man swimming
474,U+1F3CA U+200D U+2640 U+FE0F,ğŸŠâ€â™€ï¸,,woman swimming
475,U+26F9,â›¹,,person bouncing ball
476,U+26F9 U+FE0F U+200D U+2642 U+FE0F,â›¹ï¸â€â™‚ï¸,,man bouncing ball
477,U+26F9 U+FE0F U+200D U+2640 U+FE0F,â›¹ï¸â€â™€ï¸,,woman bouncing ball
478,U+1F3CB,ğŸ‹,,person lifting weights
479,U+1F3CB U+FE0F U+200D U+2642 U+FE0F,ğŸ‹ï¸â€â™‚ï¸,,man lifting weights
480,U+1F3CB U+FE0F U+200D U+2640 U+FE0F,ğŸ‹ï¸â€â™€ï¸,,woman lifting weights
481,U+1F6B4,ğŸš´,,person biking
482,U+1F6B4 U+200D U+2642 U+FE0F,ğŸš´â€â™‚ï¸,,man biking
483,U+1F6B4 U+200D U+2640 U+FE0F,ğŸš´â€â™€ï¸,,woman biking
484,U+1F6B5,ğŸšµ,,person mountain biking
485,U+1F6B5 U+200D U+2642 U+FE0F,ğŸšµâ€â™‚ï¸,,man mountain biking
486,U+1F6B5 U+200D U+2640 U+FE0F,ğŸšµâ€â™€ï¸,,woman mountain biking
487,U+1F938,ğŸ¤¸,,person cartwheeling
488,U+1F938 U+200D U+2642 U+FE0F,ğŸ¤¸â€â™‚ï¸,,man cartwheeling
489,U+1F938 U+200D U+2640 U+FE0F,ğŸ¤¸â€â™€ï¸,,woman cartwheeling
490,U+1F93C,ğŸ¤¼,,people wrestling
491,U+1F93C U+200D U+2642 U+FE0F,ğŸ¤¼â€â™‚ï¸,,men wrestling
492,U+1F93C U+200D U+2640 U+FE0F,ğŸ¤¼â€â™€ï¸,,women wrestling
493,U+1F93D,ğŸ¤½,,person playing water polo
494,U+1F93D U+200D U+2642 U+FE0F,ğŸ¤½â€â™‚ï¸,,man playing water polo
495,U+1F93D U+200D U+2640 U+FE0F,ğŸ¤½â€â™€ï¸,,woman playing water polo
496,U+1F93E,ğŸ¤¾,,person playing handball
497,U+1F93E U+200D U+2642 U+FE0F,ğŸ¤¾â€â™‚ï¸,,man playing handball
498,U+1F93E U+200D U+2640 U+FE0F,ğŸ¤¾â€â™€ï¸,,woman playing handball
499,U+1F939,ğŸ¤¹,,person juggling
500,U+1F939 U+200D U+2642 U+FE0F,ğŸ¤¹â€â™‚ï¸,,man juggling
501,U+1F939 U+200D U+2640 U+FE0F,ğŸ¤¹â€â™€ï¸,,woman juggling
502,U+1F9D8,ğŸ§˜,,person in lotus position
503,U+1F9D8 U+200D U+2642 U+FE0F,ğŸ§˜â€â™‚ï¸,,man in lotus position
504,U+1F9D8 U+200D U+2640 U+FE0F,ğŸ§˜â€â™€ï¸,,woman in lotus position
505,U+1F6C0,ğŸ›€,,person taking bath
506,U+1F6CC,ğŸ›Œ,,person in bed
507,U+1F9D1 U+200D U+1F91D U+200D U+1F9D1,ğŸ§‘â€ğŸ¤â€ğŸ§‘,,people holding hands
508,U+1F46D,ğŸ‘­,,women holding hands
509,U+1F46B,ğŸ‘«,,woman and man holding hands
510,U+1F46C,ğŸ‘¬,,men holding hands
511,U+1F48F,ğŸ’,,kiss
512,U+1F469 U+200D U+2764 U+FE0F U+200D U+1F48B U+200D U+1F468,ğŸ‘©â€â¤ï¸â€ğŸ’‹â€ğŸ‘¨,,"kiss: woman, man"
513,U+1F468 U+200D U+2764 U+FE0F U+200D U+1F48B U+200D U+1F468,ğŸ‘¨â€â¤ï¸â€ğŸ’‹â€ğŸ‘¨,,"kiss: man, man"
514,U+1F469 U+200D U+2764 U+FE0F U+200D U+1F48B U+200D U+1F469,ğŸ‘©â€â¤ï¸â€ğŸ’‹â€ğŸ‘©,,"kiss: woman, woman"
515,U+1F491,ğŸ’‘,,couple with heart
516,U+1F469 U+200D U+2764 U+FE0F U+200D U+1F468,ğŸ‘©â€â¤ï¸â€ğŸ‘¨,,"couple with heart: woman, man"
517,U+1F468 U+200D U+2764 U+FE0F U+200D U+1F468,ğŸ‘¨â€â¤ï¸â€ğŸ‘¨,,"couple with heart: man, man"
518,U+1F469 U+200D U+2764 U+FE0F U+200D U+1F469,ğŸ‘©â€â¤ï¸â€ğŸ‘©,,"couple with heart: woman, woman"
519,U+1F468 U+200D U+1F469 U+200D U+1F466,ğŸ‘¨â€ğŸ‘©â€ğŸ‘¦,,"family: man, woman, boy"
520,U+1F468 U+200D U+1F469 U+200D U+1F467,ğŸ‘¨â€ğŸ‘©â€ğŸ‘§,,"family: man, woman, girl"
521,U+1F468 U+200D U+1F469 U+200D U+1F467 U+200D U+1F466,ğŸ‘¨â€ğŸ‘©â€ğŸ‘§â€ğŸ‘¦,,"family: man, woman, girl, boy"
522,U+1F468 U+200D U+1F469 U+200D U+1F466 U+200D U+1F466,ğŸ‘¨â€ğŸ‘©â€ğŸ‘¦â€ğŸ‘¦,,"family: man, woman, boy, boy"
523,U+1F468 U+200D U+1F469 U+200D U+1F467 U+200D U+1F467,ğŸ‘¨â€ğŸ‘©â€ğŸ‘§â€ğŸ‘§,,"family: man, woman, girl, girl"
524,U+1F468 U+200D U+1F468 U+200D U+1F466,ğŸ‘¨â€ğŸ‘¨â€ğŸ‘¦,,"family: man, man, boy"
525,U+1F468 U+200D U+1F468 U+200D U+1F467,ğŸ‘¨â€ğŸ‘¨â€ğŸ‘§,,"family: man, man, girl"
526,U+1F468 U+200D U+1F468 U+200D U+1F467 U+200D U+1F466,ğŸ‘¨â€ğŸ‘¨â€ğŸ‘§â€ğŸ‘¦,,"family: man, man, girl, boy"
527,U+1F468 U+200D U+1F468 U+200D U+1F466 U+200D U+1F466,ğŸ‘¨â€ğŸ‘¨â€ğŸ‘¦â€ğŸ‘¦,,"family: man, man, boy, boy"
528,U+1F468 U+200D U+1F468 U+200D U+1F467 U+200D U+1F467,ğŸ‘¨â€ğŸ‘¨â€ğŸ‘§â€ğŸ‘§,,"family: man, man, girl, girl"
529,U+1F469 U+200D U+1F469 U+200D U+1F466,ğŸ‘©â€ğŸ‘©â€ğŸ‘¦,,"family: woman, woman, boy"
530,U+1F469 U+200D U+1F469 U+200D U+1F467,ğŸ‘©â€ğŸ‘©â€ğŸ‘§,,"family: woman, woman, girl"
531,U+1F469 U+200D U+1F469 U+200D U+1F467 U+200D U+1F466,ğŸ‘©â€ğŸ‘©â€ğŸ‘§â€ğŸ‘¦,,"family: woman, woman, girl, boy"
532,U+1F469 U+200D U+1F469 U+200D U+1F466 U+200D U+1F466,ğŸ‘©â€ğŸ‘©â€ğŸ‘¦â€ğŸ‘¦,,"family: woman, woman, boy, boy"
533,U+1F469 U+200D U+1F469 U+200D U+1F467 U+200D U+1F467,ğŸ‘©â€ğŸ‘©â€ğŸ‘§â€ğŸ‘§,,"family: woman, woman, girl, girl"
534,U+1F468 U+200D U+1F466,ğŸ‘¨â€ğŸ‘¦,,"family: man, boy"
535,U+1F468 U+200D U+1F466 U+200D U+1F466,ğŸ‘¨â€ğŸ‘¦â€ğŸ‘¦,,"family: man, boy, boy"
536,U+1F468 U+200D U+1F467,ğŸ‘¨â€ğŸ‘§,,"family: man, girl"
537,U+1F468 U+200D U+1F467 U+200D U+1F466,ğŸ‘¨â€ğŸ‘§â€ğŸ‘¦,,"family: man, girl, boy"
538,U+1F468 U+200D U+1F467 U+200D U+1F467,ğŸ‘¨â€ğŸ‘§â€ğŸ‘§,,"family: man, girl, girl"
539,U+1F469 U+200D U+1F466,ğŸ‘©â€ğŸ‘¦,,"family: woman, boy"
540,U+1F469 U+200D U+1F466 U+200D U+1F466,ğŸ‘©â€ğŸ‘¦â€ğŸ‘¦,,"family: woman, boy, boy"
541,U+1F469 U+200D U+1F467,ğŸ‘©â€ğŸ‘§,,"family: woman, girl"
542,U+1F469 U+200D U+1F467 U+200D U+1F466,ğŸ‘©â€ğŸ‘§â€ğŸ‘¦,,"family: woman, girl, boy"
543,U+1F469 U+200D U+1F467 U+200D U+1F467,ğŸ‘©â€ğŸ‘§â€ğŸ‘§,,"family: woman, girl, girl"
544,U+1F5E3,ğŸ—£,,speaking head
545,U+1F464,ğŸ‘¤,,bust in silhouette
546,U+1F465,ğŸ‘¥,,busts in silhouette
547,U+1FAC2,ğŸ«‚,,people hugging
548,U+1F46A,ğŸ‘ª,,family
549,U+1F9D1 U+200D U+1F9D1 U+200D U+1F9D2,ğŸ§‘â€ğŸ§‘â€ğŸ§’,,"âŠ› family: adult, adult, child"
550,U+1F9D1 U+200D U+1F9D1 U+200D U+1F9D2 U+200D U+1F9D2,ğŸ§‘â€ğŸ§‘â€ğŸ§’â€ğŸ§’,,"âŠ› family: adult, adult, child, child"
551,U+1F9D1 U+200D U+1F9D2,ğŸ§‘â€ğŸ§’,,"âŠ› family: adult, child"
552,U+1F9D1 U+200D U+1F9D2 U+200D U+1F9D2,ğŸ§‘â€ğŸ§’â€ğŸ§’,,"âŠ› family: adult, child, child"
553,U+1F463,ğŸ‘£,,footprints
554,U+1F9B0,ğŸ¦°,,red hair
555,U+1F9B1,ğŸ¦±,,curly hair
556,U+1F9B3,ğŸ¦³,,white hair
557,U+1F9B2,ğŸ¦²,,bald
558,U+1F435,ğŸµ,,monkey face
559,U+1F412,ğŸ’,,monkey
560,U+1F98D,ğŸ¦,,gorilla
561,U+1F9A7,ğŸ¦§,,orangutan
562,U+1F436,ğŸ¶,,dog face
563,U+1F415,ğŸ•,,dog
564,U+1F9AE,ğŸ¦®,,guide dog
565,U+1F415 U+200D U+1F9BA,ğŸ•â€ğŸ¦º,,service dog
566,U+1F429,ğŸ©,,poodle
567,U+1F43A,ğŸº,,wolf
568,U+1F98A,ğŸ¦Š,,fox
569,U+1F99D,ğŸ¦,,raccoon
570,U+1F431,ğŸ±,,cat face
571,U+1F408,ğŸˆ,,cat
572,U+1F408 U+200D U+2B1B,ğŸˆâ€â¬›,,black cat
573,U+1F981,ğŸ¦,,lion
574,U+1F42F,ğŸ¯,,tiger face
575,U+1F405,ğŸ…,,tiger
576,U+1F406,ğŸ†,,leopard
577,U+1F434,ğŸ´,,horse face
578,U+1FACE,ğŸ«,,moose
579,U+1FACF,ğŸ«,,donkey
580,U+1F40E,ğŸ,,horse
581,U+1F984,ğŸ¦„,,unicorn
582,U+1F993,ğŸ¦“,,zebra
583,U+1F98C,ğŸ¦Œ,,deer
584,U+1F9AC,ğŸ¦¬,,bison
585,U+1F42E,ğŸ®,,cow face
586,U+1F402,ğŸ‚,,ox
587,U+1F403,ğŸƒ,,water buffalo
588,U+1F404,ğŸ„,,cow
589,U+1F437,ğŸ·,,pig face
590,U+1F416,ğŸ–,,pig
591,U+1F417,ğŸ—,,boar
592,U+1F43D,ğŸ½,,pig nose
593,U+1F40F,ğŸ,,ram
594,U+1F411,ğŸ‘,,ewe
595,U+1F410,ğŸ,,goat
596,U+1F42A,ğŸª,,camel
597,U+1F42B,ğŸ«,,two-hump camel
598,U+1F999,ğŸ¦™,,llama
599,U+1F992,ğŸ¦’,,giraffe
600,U+1F418,ğŸ˜,,elephant
601,U+1F9A3,ğŸ¦£,,mammoth
602,U+1F98F,ğŸ¦,,rhinoceros
603,U+1F99B,ğŸ¦›,,hippopotamus
604,U+1F42D,ğŸ­,,mouse face
605,U+1F401,ğŸ,,mouse
606,U+1F400,ğŸ€,,rat
607,U+1F439,ğŸ¹,,hamster
608,U+1F430,ğŸ°,,rabbit face
609,U+1F407,ğŸ‡,,rabbit
610,U+1F43F,ğŸ¿,,chipmunk
611,U+1F9AB,ğŸ¦«,,beaver
612,U+1F994,ğŸ¦”,,hedgehog
613,U+1F987,ğŸ¦‡,,bat
614,U+1F43B,ğŸ»,,bear
615,U+1F43B U+200D U+2744 U+FE0F,ğŸ»â€â„ï¸,,polar bear
616,U+1F428,ğŸ¨,,koala
617,U+1F43C,ğŸ¼,,panda
618,U+1F9A5,ğŸ¦¥,,sloth
619,U+1F9A6,ğŸ¦¦,,otter
620,U+1F9A8,ğŸ¦¨,,skunk
621,U+1F998,ğŸ¦˜,,kangaroo
622,U+1F9A1,ğŸ¦¡,,badger
623,U+1F43E,ğŸ¾,,paw prints
624,U+1F983,ğŸ¦ƒ,,turkey
625,U+1F414,ğŸ”,,chicken
626,U+1F413,ğŸ“,,rooster
627,U+1F423,ğŸ£,,hatching chick
628,U+1F424,ğŸ¤,,baby chick
629,U+1F425,ğŸ¥,,front-facing baby chick
630,U+1F426,ğŸ¦,,bird
631,U+1F427,ğŸ§,,penguin
632,U+1F54A,ğŸ•Š,,dove
633,U+1F985,ğŸ¦…,,eagle
634,U+1F986,ğŸ¦†,,duck
635,U+1F9A2,ğŸ¦¢,,swan
636,U+1F989,ğŸ¦‰,,owl
637,U+1F9A4,ğŸ¦¤,,dodo
638,U+1FAB6,ğŸª¶,,feather
639,U+1F9A9,ğŸ¦©,,flamingo
640,U+1F99A,ğŸ¦š,,peacock
641,U+1F99C,ğŸ¦œ,,parrot
642,U+1FABD,ğŸª½,,wing
643,U+1F426 U+200D U+2B1B,ğŸ¦â€â¬›,,black bird
644,U+1FABF,ğŸª¿,,goose
645,U+1F426 U+200D U+1F525,ğŸ¦â€ğŸ”¥,,âŠ› phoenix
646,U+1F438,ğŸ¸,,frog
647,U+1F40A,ğŸŠ,,crocodile
648,U+1F422,ğŸ¢,,turtle
649,U+1F98E,ğŸ¦,,lizard
650,U+1F40D,ğŸ,,snake
651,U+1F432,ğŸ²,,dragon face
652,U+1F409,ğŸ‰,,dragon
653,U+1F995,ğŸ¦•,,sauropod
654,U+1F996,ğŸ¦–,,T-Rex
655,U+1F433,ğŸ³,,spouting whale
656,U+1F40B,ğŸ‹,,whale
657,U+1F42C,ğŸ¬,,dolphin
658,U+1F9AD,ğŸ¦­,,seal
659,U+1F41F,ğŸŸ,,fish
660,U+1F420,ğŸ ,,tropical fish
661,U+1F421,ğŸ¡,,blowfish
662,U+1F988,ğŸ¦ˆ,,shark
663,U+1F419,ğŸ™,,octopus
664,U+1F41A,ğŸš,,spiral shell
665,U+1FAB8,ğŸª¸,,coral
666,U+1FABC,ğŸª¼,,jellyfish
667,U+1F40C,ğŸŒ,,snail
668,U+1F98B,ğŸ¦‹,,butterfly
669,U+1F41B,ğŸ›,,bug
670,U+1F41C,ğŸœ,,ant
671,U+1F41D,ğŸ,,honeybee
672,U+1FAB2,ğŸª²,,beetle
673,U+1F41E,ğŸ,,lady beetle
674,U+1F997,ğŸ¦—,,cricket
675,U+1FAB3,ğŸª³,,cockroach
676,U+1F577,ğŸ•·,,spider
677,U+1F578,ğŸ•¸,,spider web
678,U+1F982,ğŸ¦‚,,scorpion
679,U+1F99F,ğŸ¦Ÿ,,mosquito
680,U+1FAB0,ğŸª°,,fly
681,U+1FAB1,ğŸª±,,worm
682,U+1F9A0,ğŸ¦ ,,microbe
683,U+1F490,ğŸ’,,bouquet
684,U+1F338,ğŸŒ¸,,cherry blossom
685,U+1F4AE,ğŸ’®,,white flower
686,U+1FAB7,ğŸª·,,lotus
687,U+1F3F5,ğŸµ,,rosette
688,U+1F339,ğŸŒ¹,,rose
689,U+1F940,ğŸ¥€,,wilted flower
690,U+1F33A,ğŸŒº,,hibiscus
691,U+1F33B,ğŸŒ»,,sunflower
692,U+1F33C,ğŸŒ¼,,blossom
693,U+1F337,ğŸŒ·,,tulip
694,U+1FABB,ğŸª»,,hyacinth
695,U+1F331,ğŸŒ±,,seedling
696,U+1FAB4,ğŸª´,,potted plant
697,U+1F332,ğŸŒ²,,evergreen tree
698,U+1F333,ğŸŒ³,,deciduous tree
699,U+1F334,ğŸŒ´,,palm tree
700,U+1F335,ğŸŒµ,,cactus
701,U+1F33E,ğŸŒ¾,,sheaf of rice
702,U+1F33F,ğŸŒ¿,,herb
703,U+2618,â˜˜,,shamrock
704,U+1F340,ğŸ€,,four leaf clover
705,U+1F341,ğŸ,,maple leaf
706,U+1F342,ğŸ‚,,fallen leaf
707,U+1F343,ğŸƒ,,leaf fluttering in wind
708,U+1FAB9,ğŸª¹,,empty nest
709,U+1FABA,ğŸªº,,nest with eggs
710,U+1F344,ğŸ„,,mushroom
711,U+1F347,ğŸ‡,,grapes
712,U+1F348,ğŸˆ,,melon
713,U+1F349,ğŸ‰,,watermelon
714,U+1F34A,ğŸŠ,,tangerine
715,U+1F34B,ğŸ‹,,lemon
716,U+1F34B U+200D U+1F7E9,ğŸ‹â€ğŸŸ©,,âŠ› lime
717,U+1F34C,ğŸŒ,,banana
718,U+1F34D,ğŸ,,pineapple
719,U+1F96D,ğŸ¥­,,mango
720,U+1F34E,ğŸ,,red apple
721,U+1F34F,ğŸ,,green apple
722,U+1F350,ğŸ,,pear
723,U+1F351,ğŸ‘,,peach
724,U+1F352,ğŸ’,,cherries
725,U+1F353,ğŸ“,,strawberry
726,U+1FAD0,ğŸ«,,blueberries
727,U+1F95D,ğŸ¥,,kiwi fruit
728,U+1F345,ğŸ…,,tomato
729,U+1FAD2,ğŸ«’,,olive
730,U+1F965,ğŸ¥¥,,coconut
731,U+1F951,ğŸ¥‘,,avocado
732,U+1F346,ğŸ†,,eggplant
733,U+1F954,ğŸ¥”,,potato
734,U+1F955,ğŸ¥•,,carrot
735,U+1F33D,ğŸŒ½,,ear of corn
736,U+1F336,ğŸŒ¶,,hot pepper
737,U+1FAD1,ğŸ«‘,,bell pepper
738,U+1F952,ğŸ¥’,,cucumber
739,U+1F96C,ğŸ¥¬,,leafy green
740,U+1F966,ğŸ¥¦,,broccoli
741,U+1F9C4,ğŸ§„,,garlic
742,U+1F9C5,ğŸ§…,,onion
743,U+1F95C,ğŸ¥œ,,peanuts
744,U+1FAD8,ğŸ«˜,,beans
745,U+1F330,ğŸŒ°,,chestnut
746,U+1FADA,ğŸ«š,,ginger root
747,U+1FADB,ğŸ«›,,pea pod
748,U+1F344 U+200D U+1F7EB,ğŸ„â€ğŸŸ«,,âŠ› brown mushroom
749,U+1F35E,ğŸ,,bread
750,U+1F950,ğŸ¥,,croissant
751,U+1F956,ğŸ¥–,,baguette bread
752,U+1FAD3,ğŸ«“,,flatbread
753,U+1F968,ğŸ¥¨,,pretzel
754,U+1F96F,ğŸ¥¯,,bagel
755,U+1F95E,ğŸ¥,,pancakes
756,U+1F9C7,ğŸ§‡,,waffle
757,U+1F9C0,ğŸ§€,,cheese wedge
758,U+1F356,ğŸ–,,meat on bone
759,U+1F357,ğŸ—,,poultry leg
760,U+1F969,ğŸ¥©,,cut of meat
761,U+1F953,ğŸ¥“,,bacon
762,U+1F354,ğŸ”,,hamburger
763,U+1F35F,ğŸŸ,,french fries
764,U+1F355,ğŸ•,,pizza
765,U+1F32D,ğŸŒ­,,hot dog
766,U+1F96A,ğŸ¥ª,,sandwich
767,U+1F32E,ğŸŒ®,,taco
768,U+1F32F,ğŸŒ¯,,burrito
769,U+1FAD4,ğŸ«”,,tamale
770,U+1F959,ğŸ¥™,,stuffed flatbread
771,U+1F9C6,ğŸ§†,,falafel
772,U+1F95A,ğŸ¥š,,egg
773,U+1F373,ğŸ³,,cooking
774,U+1F958,ğŸ¥˜,,shallow pan of food
775,U+1F372,ğŸ²,,pot of food
776,U+1FAD5,ğŸ«•,,fondue
777,U+1F963,ğŸ¥£,,bowl with spoon
778,U+1F957,ğŸ¥—,,green salad
779,U+1F37F,ğŸ¿,,popcorn
780,U+1F9C8,ğŸ§ˆ,,butter
781,U+1F9C2,ğŸ§‚,,salt
782,U+1F96B,ğŸ¥«,,canned food
783,U+1F371,ğŸ±,,bento box
784,U+1F358,ğŸ˜,,rice cracker
785,U+1F359,ğŸ™,,rice ball
786,U+1F35A,ğŸš,,cooked rice
787,U+1F35B,ğŸ›,,curry rice
788,U+1F35C,ğŸœ,,steaming bowl
789,U+1F35D,ğŸ,,spaghetti
790,U+1F360,ğŸ ,,roasted sweet potato
791,U+1F362,ğŸ¢,,oden
792,U+1F363,ğŸ£,,sushi
793,U+1F364,ğŸ¤,,fried shrimp
794,U+1F365,ğŸ¥,,fish cake with swirl
795,U+1F96E,ğŸ¥®,,moon cake
796,U+1F361,ğŸ¡,,dango
797,U+1F95F,ğŸ¥Ÿ,,dumpling
798,U+1F960,ğŸ¥ ,,fortune cookie
799,U+1F961,ğŸ¥¡,,takeout box
800,U+1F980,ğŸ¦€,,crab
801,U+1F99E,ğŸ¦,,lobster
802,U+1F990,ğŸ¦,,shrimp
803,U+1F991,ğŸ¦‘,,squid
804,U+1F9AA,ğŸ¦ª,,oyster
805,U+1F366,ğŸ¦,,soft ice cream
806,U+1F367,ğŸ§,,shaved ice
807,U+1F368,ğŸ¨,,ice cream
808,U+1F369,ğŸ©,,doughnut
809,U+1F36A,ğŸª,,cookie
810,U+1F382,ğŸ‚,,birthday cake
811,U+1F370,ğŸ°,,shortcake
812,U+1F9C1,ğŸ§,,cupcake
813,U+1F967,ğŸ¥§,,pie
814,U+1F36B,ğŸ«,,chocolate bar
815,U+1F36C,ğŸ¬,,candy
816,U+1F36D,ğŸ­,,lollipop
817,U+1F36E,ğŸ®,,custard
818,U+1F36F,ğŸ¯,,honey pot
819,U+1F37C,ğŸ¼,,baby bottle
820,U+1F95B,ğŸ¥›,,glass of milk
821,U+2615,â˜•,,hot beverage
822,U+1FAD6,ğŸ«–,,teapot
823,U+1F375,ğŸµ,,teacup without handle
824,U+1F376,ğŸ¶,,sake
825,U+1F37E,ğŸ¾,,bottle with popping cork
826,U+1F377,ğŸ·,,wine glass
827,U+1F378,ğŸ¸,,cocktail glass
828,U+1F379,ğŸ¹,,tropical drink
829,U+1F37A,ğŸº,,beer mug
830,U+1F37B,ğŸ»,,clinking beer mugs
831,U+1F942,ğŸ¥‚,,clinking glasses
832,U+1F943,ğŸ¥ƒ,,tumbler glass
833,U+1FAD7,ğŸ«—,,pouring liquid
834,U+1F964,ğŸ¥¤,,cup with straw
835,U+1F9CB,ğŸ§‹,,bubble tea
836,U+1F9C3,ğŸ§ƒ,,beverage box
837,U+1F9C9,ğŸ§‰,,mate
838,U+1F9CA,ğŸ§Š,,ice
839,U+1F962,ğŸ¥¢,,chopsticks
840,U+1F37D,ğŸ½,,fork and knife with plate
841,U+1F374,ğŸ´,,fork and knife
842,U+1F944,ğŸ¥„,,spoon
843,U+1F52A,ğŸ”ª,,kitchen knife
844,U+1FAD9,ğŸ«™,,jar
845,U+1F3FA,ğŸº,,amphora
846,U+1F30D,ğŸŒ,,globe showing Europe-Africa
847,U+1F30E,ğŸŒ,,globe showing Americas
848,U+1F30F,ğŸŒ,,globe showing Asia-Australia
849,U+1F310,ğŸŒ,,globe with meridians
850,U+1F5FA,ğŸ—º,,world map
851,U+1F5FE,ğŸ—¾,,map of Japan
852,U+1F9ED,ğŸ§­,,compass
853,U+1F3D4,ğŸ”,,snow-capped mountain
854,U+26F0,â›°,,mountain
855,U+1F30B,ğŸŒ‹,,volcano
856,U+1F5FB,ğŸ—»,,mount fuji
857,U+1F3D5,ğŸ•,,camping
858,U+1F3D6,ğŸ–,,beach with umbrella
859,U+1F3DC,ğŸœ,,desert
860,U+1F3DD,ğŸ,,desert island
861,U+1F3DE,ğŸ,,national park
862,U+1F3DF,ğŸŸ,,stadium
863,U+1F3DB,ğŸ›,,classical building
864,U+1F3D7,ğŸ—,,building construction
865,U+1F9F1,ğŸ§±,,brick
866,U+1FAA8,ğŸª¨,,rock
867,U+1FAB5,ğŸªµ,,wood
868,U+1F6D6,ğŸ›–,,hut
869,U+1F3D8,ğŸ˜,,houses
870,U+1F3DA,ğŸš,,derelict house
871,U+1F3E0,ğŸ ,,house
872,U+1F3E1,ğŸ¡,,house with garden
873,U+1F3E2,ğŸ¢,,office building
874,U+1F3E3,ğŸ£,,Japanese post office
875,U+1F3E4,ğŸ¤,,post office
876,U+1F3E5,ğŸ¥,,hospital
877,U+1F3E6,ğŸ¦,,bank
878,U+1F3E8,ğŸ¨,,hotel
879,U+1F3E9,ğŸ©,,love hotel
880,U+1F3EA,ğŸª,,convenience store
881,U+1F3EB,ğŸ«,,school
882,U+1F3EC,ğŸ¬,,department store
883,U+1F3ED,ğŸ­,,factory
884,U+1F3EF,ğŸ¯,,Japanese castle
885,U+1F3F0,ğŸ°,,castle
886,U+1F492,ğŸ’’,,wedding
887,U+1F5FC,ğŸ—¼,,Tokyo tower
888,U+1F5FD,ğŸ—½,,Statue of Liberty
889,U+26EA,â›ª,,church
890,U+1F54C,ğŸ•Œ,,mosque
891,U+1F6D5,ğŸ›•,,hindu temple
892,U+1F54D,ğŸ•,,synagogue
893,U+26E9,â›©,,shinto shrine
894,U+1F54B,ğŸ•‹,,kaaba
895,U+26F2,â›²,,fountain
896,U+26FA,â›º,,tent
897,U+1F301,ğŸŒ,,foggy
898,U+1F303,ğŸŒƒ,,night with stars
899,U+1F3D9,ğŸ™,,cityscape
900,U+1F304,ğŸŒ„,,sunrise over mountains
901,U+1F305,ğŸŒ…,,sunrise
902,U+1F306,ğŸŒ†,,cityscape at dusk
903,U+1F307,ğŸŒ‡,,sunset
904,U+1F309,ğŸŒ‰,,bridge at night
905,U+2668,â™¨,,hot springs
906,U+1F3A0,ğŸ ,,carousel horse
907,U+1F6DD,ğŸ›,,playground slide
908,U+1F3A1,ğŸ¡,,ferris wheel
909,U+1F3A2,ğŸ¢,,roller coaster
910,U+1F488,ğŸ’ˆ,,barber pole
911,U+1F3AA,ğŸª,,circus tent
912,U+1F682,ğŸš‚,,locomotive
913,U+1F683,ğŸšƒ,,railway car
914,U+1F684,ğŸš„,,high-speed train
915,U+1F685,ğŸš…,,bullet train
916,U+1F686,ğŸš†,,train
917,U+1F687,ğŸš‡,,metro
918,U+1F688,ğŸšˆ,,light rail
919,U+1F689,ğŸš‰,,station
920,U+1F68A,ğŸšŠ,,tram
921,U+1F69D,ğŸš,,monorail
922,U+1F69E,ğŸš,,mountain railway
923,U+1F68B,ğŸš‹,,tram car
924,U+1F68C,ğŸšŒ,,bus
925,U+1F68D,ğŸš,,oncoming bus
926,U+1F68E,ğŸš,,trolleybus
927,U+1F690,ğŸš,,minibus
928,U+1F691,ğŸš‘,,ambulance
929,U+1F692,ğŸš’,,fire engine
930,U+1F693,ğŸš“,,police car
931,U+1F694,ğŸš”,,oncoming police car
932,U+1F695,ğŸš•,,taxi
933,U+1F696,ğŸš–,,oncoming taxi
934,U+1F697,ğŸš—,,automobile
935,U+1F698,ğŸš˜,,oncoming automobile
936,U+1F699,ğŸš™,,sport utility vehicle
937,U+1F6FB,ğŸ›»,,pickup truck
938,U+1F69A,ğŸšš,,delivery truck
939,U+1F69B,ğŸš›,,articulated lorry
940,U+1F69C,ğŸšœ,,tractor
941,U+1F3CE,ğŸ,,racing car
942,U+1F3CD,ğŸ,,motorcycle
943,U+1F6F5,ğŸ›µ,,motor scooter
944,U+1F9BD,ğŸ¦½,,manual wheelchair
945,U+1F9BC,ğŸ¦¼,,motorized wheelchair
946,U+1F6FA,ğŸ›º,,auto rickshaw
947,U+1F6B2,ğŸš²,,bicycle
948,U+1F6F4,ğŸ›´,,kick scooter
949,U+1F6F9,ğŸ›¹,,skateboard
950,U+1F6FC,ğŸ›¼,,roller skate
951,U+1F68F,ğŸš,,bus stop
952,U+1F6E3,ğŸ›£,,motorway
953,U+1F6E4,ğŸ›¤,,railway track
954,U+1F6E2,ğŸ›¢,,oil drum
955,U+26FD,â›½,,fuel pump
956,U+1F6DE,ğŸ›,,wheel
957,U+1F6A8,ğŸš¨,,police car light
958,U+1F6A5,ğŸš¥,,horizontal traffic light
959,U+1F6A6,ğŸš¦,,vertical traffic light
960,U+1F6D1,ğŸ›‘,,stop sign
961,U+1F6A7,ğŸš§,,construction
962,U+2693,âš“,,anchor
963,U+1F6DF,ğŸ›Ÿ,,ring buoy
964,U+26F5,â›µ,,sailboat
965,U+1F6F6,ğŸ›¶,,canoe
966,U+1F6A4,ğŸš¤,,speedboat
967,U+1F6F3,ğŸ›³,,passenger ship
968,U+26F4,â›´,,ferry
969,U+1F6E5,ğŸ›¥,,motor boat
970,U+1F6A2,ğŸš¢,,ship
971,U+2708,âœˆ,,airplane
972,U+1F6E9,ğŸ›©,,small airplane
973,U+1F6EB,ğŸ›«,,airplane departure
974,U+1F6EC,ğŸ›¬,,airplane arrival
975,U+1FA82,ğŸª‚,,parachute
976,U+1F4BA,ğŸ’º,,seat
977,U+1F681,ğŸš,,helicopter
978,U+1F69F,ğŸšŸ,,suspension railway
979,U+1F6A0,ğŸš ,,mountain cableway
980,U+1F6A1,ğŸš¡,,aerial tramway
981,U+1F6F0,ğŸ›°,,satellite
982,U+1F680,ğŸš€,,rocket
983,U+1F6F8,ğŸ›¸,,flying saucer
984,U+1F6CE,ğŸ›,,bellhop bell
985,U+1F9F3,ğŸ§³,,luggage
986,U+231B,âŒ›,,hourglass done
987,U+23F3,â³,,hourglass not done
988,U+231A,âŒš,,watch
989,U+23F0,â°,,alarm clock
990,U+23F1,â±,,stopwatch
991,U+23F2,â²,,timer clock
992,U+1F570,ğŸ•°,,mantelpiece clock
993,U+1F55B,ğŸ•›,,twelve oâ€™clock
994,U+1F567,ğŸ•§,,twelve-thirty
995,U+1F550,ğŸ•,,one oâ€™clock
996,U+1F55C,ğŸ•œ,,one-thirty
997,U+1F551,ğŸ•‘,,two oâ€™clock
998,U+1F55D,ğŸ•,,two-thirty
999,U+1F552,ğŸ•’,,three oâ€™clock
1000,U+1F55E,ğŸ•,,three-thirty
1001,U+1F553,ğŸ•“,,four oâ€™clock
1002,U+1F55F,ğŸ•Ÿ,,four-thirty
1003,U+1F554,ğŸ•”,,five oâ€™clock
1004,U+1F560,ğŸ• ,,five-thirty
1005,U+1F555,ğŸ••,,six oâ€™clock
1006,U+1F561,ğŸ•¡,,six-thirty
1007,U+1F556,ğŸ•–,,seven oâ€™clock
1008,U+1F562,ğŸ•¢,,seven-thirty
1009,U+1F557,ğŸ•—,,eight oâ€™clock
1010,U+1F563,ğŸ•£,,eight-thirty
1011,U+1F558,ğŸ•˜,,nine oâ€™clock
1012,U+1F564,ğŸ•¤,,nine-thirty
1013,U+1F559,ğŸ•™,,ten oâ€™clock
1014,U+1F565,ğŸ•¥,,ten-thirty
1015,U+1F55A,ğŸ•š,,eleven oâ€™clock
1016,U+1F566,ğŸ•¦,,eleven-thirty
1017,U+1F311,ğŸŒ‘,,new moon
1018,U+1F312,ğŸŒ’,,waxing crescent moon
1019,U+1F313,ğŸŒ“,,first quarter moon
1020,U+1F314,ğŸŒ”,,waxing gibbous moon
1021,U+1F315,ğŸŒ•,,full moon
1022,U+1F316,ğŸŒ–,,waning gibbous moon
1023,U+1F317,ğŸŒ—,,last quarter moon
1024,U+1F318,ğŸŒ˜,,waning crescent moon
1025,U+1F319,ğŸŒ™,,crescent moon
1026,U+1F31A,ğŸŒš,,new moon face
1027,U+1F31B,ğŸŒ›,,first quarter moon face
1028,U+1F31C,ğŸŒœ,,last quarter moon face
1029,U+1F321,ğŸŒ¡,,thermometer
1030,U+2600,â˜€,,sun
1031,U+1F31D,ğŸŒ,,full moon face
1032,U+1F31E,ğŸŒ,,sun with face
1033,U+1FA90,ğŸª,,ringed planet
1034,U+2B50,â­,,star
1035,U+1F31F,ğŸŒŸ,,glowing star
1036,U+1F320,ğŸŒ ,,shooting star
1037,U+1F30C,ğŸŒŒ,,milky way
1038,U+2601,â˜,,cloud
1039,U+26C5,â›…,,sun behind cloud
1040,U+26C8,â›ˆ,,cloud with lightning and rain
1041,U+1F324,ğŸŒ¤,,sun behind small cloud
1042,U+1F325,ğŸŒ¥,,sun behind large cloud
1043,U+1F326,ğŸŒ¦,,sun behind rain cloud
1044,U+1F327,ğŸŒ§,,cloud with rain
1045,U+1F328,ğŸŒ¨,,cloud with snow
1046,U+1F329,ğŸŒ©,,cloud with lightning
1047,U+1F32A,ğŸŒª,,tornado
1048,U+1F32B,ğŸŒ«,,fog
1049,U+1F32C,ğŸŒ¬,,wind face
1050,U+1F300,ğŸŒ€,,cyclone
1051,U+1F308,ğŸŒˆ,,rainbow
1052,U+1F302,ğŸŒ‚,,closed umbrella
1053,U+2602,â˜‚,,umbrella
1054,U+2614,â˜”,,umbrella with rain drops
1055,U+26F1,â›±,,umbrella on ground
1056,U+26A1,âš¡,,high voltage
1057,U+2744,â„,,snowflake
1058,U+2603,â˜ƒ,,snowman
1059,U+26C4,â›„,,snowman without snow
1060,U+2604,â˜„,,comet
1061,U+1F525,ğŸ”¥,,fire
1062,U+1F4A7,ğŸ’§,,droplet
1063,U+1F30A,ğŸŒŠ,,water wave
1064,U+1F383,ğŸƒ,,jack-o-lantern
1065,U+1F384,ğŸ„,,Christmas tree
1066,U+1F386,ğŸ†,,fireworks
1067,U+1F387,ğŸ‡,,sparkler
1068,U+1F9E8,ğŸ§¨,,firecracker
1069,U+2728,âœ¨,,sparkles
1070,U+1F388,ğŸˆ,,balloon
1071,U+1F389,ğŸ‰,,party popper
1072,U+1F38A,ğŸŠ,,confetti ball
1073,U+1F38B,ğŸ‹,,tanabata tree
1074,U+1F38D,ğŸ,,pine decoration
1075,U+1F38E,ğŸ,,Japanese dolls
1076,U+1F38F,ğŸ,,carp streamer
1077,U+1F390,ğŸ,,wind chime
1078,U+1F391,ğŸ‘,,moon viewing ceremony
1079,U+1F9E7,ğŸ§§,,red envelope
1080,U+1F380,ğŸ€,,ribbon
1081,U+1F381,ğŸ,,wrapped gift
1082,U+1F397,ğŸ—,,reminder ribbon
1083,U+1F39F,ğŸŸ,,admission tickets
1084,U+1F3AB,ğŸ«,,ticket
1085,U+1F396,ğŸ–,,military medal
1086,U+1F3C6,ğŸ†,,trophy
1087,U+1F3C5,ğŸ…,,sports medal
1088,U+1F947,ğŸ¥‡,,1st place medal
1089,U+1F948,ğŸ¥ˆ,,2nd place medal
1090,U+1F949,ğŸ¥‰,,3rd place medal
1091,U+26BD,âš½,,soccer ball
1092,U+26BE,âš¾,,baseball
1093,U+1F94E,ğŸ¥,,softball
1094,U+1F3C0,ğŸ€,,basketball
1095,U+1F3D0,ğŸ,,volleyball
1096,U+1F3C8,ğŸˆ,,american football
1097,U+1F3C9,ğŸ‰,,rugby football
1098,U+1F3BE,ğŸ¾,,tennis
1099,U+1F94F,ğŸ¥,,flying disc
1100,U+1F3B3,ğŸ³,,bowling
1101,U+1F3CF,ğŸ,,cricket game
1102,U+1F3D1,ğŸ‘,,field hockey
1103,U+1F3D2,ğŸ’,,ice hockey
1104,U+1F94D,ğŸ¥,,lacrosse
1105,U+1F3D3,ğŸ“,,ping pong
1106,U+1F3F8,ğŸ¸,,badminton
1107,U+1F94A,ğŸ¥Š,,boxing glove
1108,U+1F94B,ğŸ¥‹,,martial arts uniform
1109,U+1F945,ğŸ¥…,,goal net
1110,U+26F3,â›³,,flag in hole
1111,U+26F8,â›¸,,ice skate
1112,U+1F3A3,ğŸ£,,fishing pole
1113,U+1F93F,ğŸ¤¿,,diving mask
1114,U+1F3BD,ğŸ½,,running shirt
1115,U+1F3BF,ğŸ¿,,skis
1116,U+1F6F7,ğŸ›·,,sled
1117,U+1F94C,ğŸ¥Œ,,curling stone
1118,U+1F3AF,ğŸ¯,,bullseye
1119,U+1FA80,ğŸª€,,yo-yo
1120,U+1FA81,ğŸª,,kite
1121,U+1F52B,ğŸ”«,,water pistol
1122,U+1F3B1,ğŸ±,,pool 8 ball
1123,U+1F52E,ğŸ”®,,crystal ball
1124,U+1FA84,ğŸª„,,magic wand
1125,U+1F3AE,ğŸ®,,video game
1126,U+1F579,ğŸ•¹,,joystick
1127,U+1F3B0,ğŸ°,,slot machine
1128,U+1F3B2,ğŸ²,,game die
1129,U+1F9E9,ğŸ§©,,puzzle piece
1130,U+1F9F8,ğŸ§¸,,teddy bear
1131,U+1FA85,ğŸª…,,piÃ±ata
1132,U+1FAA9,ğŸª©,,mirror ball
1133,U+1FA86,ğŸª†,,nesting dolls
1134,U+2660,â™ ,,spade suit
1135,U+2665,â™¥,,heart suit
1136,U+2666,â™¦,,diamond suit
1137,U+2663,â™£,,club suit
1138,U+265F,â™Ÿ,,chess pawn
1139,U+1F0CF,ğŸƒ,,joker
1140,U+1F004,ğŸ€„,,mahjong red dragon
1141,U+1F3B4,ğŸ´,,flower playing cards
1142,U+1F3AD,ğŸ­,,performing arts
1143,U+1F5BC,ğŸ–¼,,framed picture
1144,U+1F3A8,ğŸ¨,,artist palette
1145,U+1F9F5,ğŸ§µ,,thread
1146,U+1FAA1,ğŸª¡,,sewing needle
1147,U+1F9F6,ğŸ§¶,,yarn
1148,U+1FAA2,ğŸª¢,,knot
1149,U+1F453,ğŸ‘“,,glasses
1150,U+1F576,ğŸ•¶,,sunglasses
1151,U+1F97D,ğŸ¥½,,goggles
1152,U+1F97C,ğŸ¥¼,,lab coat
1153,U+1F9BA,ğŸ¦º,,safety vest
1154,U+1F454,ğŸ‘”,,necktie
1155,U+1F455,ğŸ‘•,,t-shirt
1156,U+1F456,ğŸ‘–,,jeans
1157,U+1F9E3,ğŸ§£,,scarf
1158,U+1F9E4,ğŸ§¤,,gloves
1159,U+1F9E5,ğŸ§¥,,coat
1160,U+1F9E6,ğŸ§¦,,socks
1161,U+1F457,ğŸ‘—,,dress
1162,U+1F458,ğŸ‘˜,,kimono
1163,U+1F97B,ğŸ¥»,,sari
1164,U+1FA71,ğŸ©±,,one-piece swimsuit
1165,U+1FA72,ğŸ©²,,briefs
1166,U+1FA73,ğŸ©³,,shorts
1167,U+1F459,ğŸ‘™,,bikini
1168,U+1F45A,ğŸ‘š,,womanâ€™s clothes
1169,U+1FAAD,ğŸª­,,folding hand fan
1170,U+1F45B,ğŸ‘›,,purse
1171,U+1F45C,ğŸ‘œ,,handbag
1172,U+1F45D,ğŸ‘,,clutch bag
1173,U+1F6CD,ğŸ›,,shopping bags
1174,U+1F392,ğŸ’,,backpack
1175,U+1FA74,ğŸ©´,,thong sandal
1176,U+1F45E,ğŸ‘,,manâ€™s shoe
1177,U+1F45F,ğŸ‘Ÿ,,running shoe
1178,U+1F97E,ğŸ¥¾,,hiking boot
1179,U+1F97F,ğŸ¥¿,,flat shoe
1180,U+1F460,ğŸ‘ ,,high-heeled shoe
1181,U+1F461,ğŸ‘¡,,womanâ€™s sandal
1182,U+1FA70,ğŸ©°,,ballet shoes
1183,U+1F462,ğŸ‘¢,,womanâ€™s boot
1184,U+1FAAE,ğŸª®,,hair pick
1185,U+1F451,ğŸ‘‘,,crown
1186,U+1F452,ğŸ‘’,,womanâ€™s hat
1187,U+1F3A9,ğŸ©,,top hat
1188,U+1F393,ğŸ“,,graduation cap
1189,U+1F9E2,ğŸ§¢,,billed cap
1190,U+1FA96,ğŸª–,,military helmet
1191,U+26D1,â›‘,,rescue workerâ€™s helmet
1192,U+1F4FF,ğŸ“¿,,prayer beads
1193,U+1F484,ğŸ’„,,lipstick
1194,U+1F48D,ğŸ’,,ring
1195,U+1F48E,ğŸ’,,gem stone
1196,U+1F507,ğŸ”‡,,muted speaker
1197,U+1F508,ğŸ”ˆ,,speaker low volume
1198,U+1F509,ğŸ”‰,,speaker medium volume
1199,U+1F50A,ğŸ”Š,,speaker high volume
1200,U+1F4E2,ğŸ“¢,,loudspeaker
1201,U+1F4E3,ğŸ“£,,megaphone
1202,U+1F4EF,ğŸ“¯,,postal horn
1203,U+1F514,ğŸ””,,bell
1204,U+1F515,ğŸ”•,,bell with slash
1205,U+1F3BC,ğŸ¼,,musical score
1206,U+1F3B5,ğŸµ,,musical note
1207,U+1F3B6,ğŸ¶,,musical notes
1208,U+1F399,ğŸ™,,studio microphone
1209,U+1F39A,ğŸš,,level slider
1210,U+1F39B,ğŸ›,,control knobs
1211,U+1F3A4,ğŸ¤,,microphone
1212,U+1F3A7,ğŸ§,,headphone
1213,U+1F4FB,ğŸ“»,,radio
1214,U+1F3B7,ğŸ·,,saxophone
1215,U+1FA97,ğŸª—,,accordion
1216,U+1F3B8,ğŸ¸,,guitar
1217,U+1F3B9,ğŸ¹,,musical keyboard
1218,U+1F3BA,ğŸº,,trumpet
1219,U+1F3BB,ğŸ»,,violin
1220,U+1FA95,ğŸª•,,banjo
1221,U+1F941,ğŸ¥,,drum
1222,U+1FA98,ğŸª˜,,long drum
1223,U+1FA87,ğŸª‡,,maracas
1224,U+1FA88,ğŸªˆ,,flute
1225,U+1F4F1,ğŸ“±,,mobile phone
1226,U+1F4F2,ğŸ“²,,mobile phone with arrow
1227,U+260E,â˜,,telephone
1228,U+1F4DE,ğŸ“,,telephone receiver
1229,U+1F4DF,ğŸ“Ÿ,,pager
1230,U+1F4E0,ğŸ“ ,,fax machine
1231,U+1F50B,ğŸ”‹,,battery
1232,U+1FAAB,ğŸª«,,low battery
1233,U+1F50C,ğŸ”Œ,,electric plug
1234,U+1F4BB,ğŸ’»,,laptop
1235,U+1F5A5,ğŸ–¥,,desktop computer
1236,U+1F5A8,ğŸ–¨,,printer
1237,U+2328,âŒ¨,,keyboard
1238,U+1F5B1,ğŸ–±,,computer mouse
1239,U+1F5B2,ğŸ–²,,trackball
1240,U+1F4BD,ğŸ’½,,computer disk
1241,U+1F4BE,ğŸ’¾,,floppy disk
1242,U+1F4BF,ğŸ’¿,,optical disk
1243,U+1F4C0,ğŸ“€,,dvd
1244,U+1F9EE,ğŸ§®,,abacus
1245,U+1F3A5,ğŸ¥,,movie camera
1246,U+1F39E,ğŸ,,film frames
1247,U+1F4FD,ğŸ“½,,film projector
1248,U+1F3AC,ğŸ¬,,clapper board
1249,U+1F4FA,ğŸ“º,,television
1250,U+1F4F7,ğŸ“·,,camera
1251,U+1F4F8,ğŸ“¸,,camera with flash
1252,U+1F4F9,ğŸ“¹,,video camera
1253,U+1F4FC,ğŸ“¼,,videocassette
1254,U+1F50D,ğŸ”,,magnifying glass tilted left
1255,U+1F50E,ğŸ”,,magnifying glass tilted right
1256,U+1F56F,ğŸ•¯,,candle
1257,U+1F4A1,ğŸ’¡,,light bulb
1258,U+1F526,ğŸ”¦,,flashlight
1259,U+1F3EE,ğŸ®,,red paper lantern
1260,U+1FA94,ğŸª”,,diya lamp
1261,U+1F4D4,ğŸ“”,,notebook with decorative cover
1262,U+1F4D5,ğŸ“•,,closed book
1263,U+1F4D6,ğŸ“–,,open book
1264,U+1F4D7,ğŸ“—,,green book
1265,U+1F4D8,ğŸ“˜,,blue book
1266,U+1F4D9,ğŸ“™,,orange book
1267,U+1F4DA,ğŸ“š,,books
1268,U+1F4D3,ğŸ““,,notebook
1269,U+1F4D2,ğŸ“’,,ledger
1270,U+1F4C3,ğŸ“ƒ,,page with curl
1271,U+1F4DC,ğŸ“œ,,scroll
1272,U+1F4C4,ğŸ“„,,page facing up
1273,U+1F4F0,ğŸ“°,,newspaper
1274,U+1F5DE,ğŸ—,,rolled-up newspaper
1275,U+1F4D1,ğŸ“‘,,bookmark tabs
1276,U+1F516,ğŸ”–,,bookmark
1277,U+1F3F7,ğŸ·,,label
1278,U+1F4B0,ğŸ’°,,money bag
1279,U+1FA99,ğŸª™,,coin
1280,U+1F4B4,ğŸ’´,,yen banknote
1281,U+1F4B5,ğŸ’µ,,dollar banknote
1282,U+1F4B6,ğŸ’¶,,euro banknote
1283,U+1F4B7,ğŸ’·,,pound banknote
1284,U+1F4B8,ğŸ’¸,,money with wings
1285,U+1F4B3,ğŸ’³,,credit card
1286,U+1F9FE,ğŸ§¾,,receipt
1287,U+1F4B9,ğŸ’¹,,chart increasing with yen
1288,U+2709,âœ‰,,envelope
1289,U+1F4E7,ğŸ“§,,e-mail
1290,U+1F4E8,ğŸ“¨,,incoming envelope
1291,U+1F4E9,ğŸ“©,,envelope with arrow
1292,U+1F4E4,ğŸ“¤,,outbox tray
1293,U+1F4E5,ğŸ“¥,,inbox tray
1294,U+1F4E6,ğŸ“¦,,package
1295,U+1F4EB,ğŸ“«,,closed mailbox with raised flag
1296,U+1F4EA,ğŸ“ª,,closed mailbox with lowered flag
1297,U+1F4EC,ğŸ“¬,,open mailbox with raised flag
1298,U+1F4ED,ğŸ“­,,open mailbox with lowered flag
1299,U+1F4EE,ğŸ“®,,postbox
1300,U+1F5F3,ğŸ—³,,ballot box with ballot
1301,U+270F,âœ,,pencil
1302,U+2712,âœ’,,black nib
1303,U+1F58B,ğŸ–‹,,fountain pen
1304,U+1F58A,ğŸ–Š,,pen
1305,U+1F58C,ğŸ–Œ,,paintbrush
1306,U+1F58D,ğŸ–,,crayon
1307,U+1F4DD,ğŸ“,,memo
1308,U+1F4BC,ğŸ’¼,,briefcase
1309,U+1F4C1,ğŸ“,,file folder
1310,U+1F4C2,ğŸ“‚,,open file folder
1311,U+1F5C2,ğŸ—‚,,card index dividers
1312,U+1F4C5,ğŸ“…,,calendar
1313,U+1F4C6,ğŸ“†,,tear-off calendar
1314,U+1F5D2,ğŸ—’,,spiral notepad
1315,U+1F5D3,ğŸ—“,,spiral calendar
1316,U+1F4C7,ğŸ“‡,,card index
1317,U+1F4C8,ğŸ“ˆ,,chart increasing
1318,U+1F4C9,ğŸ“‰,,chart decreasing
1319,U+1F4CA,ğŸ“Š,,bar chart
1320,U+1F4CB,ğŸ“‹,,clipboard
1321,U+1F4CC,ğŸ“Œ,,pushpin
1322,U+1F4CD,ğŸ“,,round pushpin
1323,U+1F4CE,ğŸ“,,paperclip
1324,U+1F587,ğŸ–‡,,linked paperclips
1325,U+1F4CF,ğŸ“,,straight ruler
1326,U+1F4D0,ğŸ“,,triangular ruler
1327,U+2702,âœ‚,,scissors
1328,U+1F5C3,ğŸ—ƒ,,card file box
1329,U+1F5C4,ğŸ—„,,file cabinet
1330,U+1F5D1,ğŸ—‘,,wastebasket
1331,U+1F512,ğŸ”’,,locked
1332,U+1F513,ğŸ”“,,unlocked
1333,U+1F50F,ğŸ”,,locked with pen
1334,U+1F510,ğŸ”,,locked with key
1335,U+1F511,ğŸ”‘,,key
1336,U+1F5DD,ğŸ—,,old key
1337,U+1F528,ğŸ”¨,,hammer
1338,U+1FA93,ğŸª“,,axe
1339,U+26CF,â›,,pick
1340,U+2692,âš’,,hammer and pick
1341,U+1F6E0,ğŸ› ,,hammer and wrench
1342,U+1F5E1,ğŸ—¡,,dagger
1343,U+2694,âš”,,crossed swords
1344,U+1F4A3,ğŸ’£,,bomb
1345,U+1FA83,ğŸªƒ,,boomerang
1346,U+1F3F9,ğŸ¹,,bow and arrow
1347,U+1F6E1,ğŸ›¡,,shield
1348,U+1FA9A,ğŸªš,,carpentry saw
1349,U+1F527,ğŸ”§,,wrench
1350,U+1FA9B,ğŸª›,,screwdriver
1351,U+1F529,ğŸ”©,,nut and bolt
1352,U+2699,âš™,,gear
1353,U+1F5DC,ğŸ—œ,,clamp
1354,U+2696,âš–,,balance scale
1355,U+1F9AF,ğŸ¦¯,,white cane
1356,U+1F517,ğŸ”—,,link
1357,U+26D3 U+FE0F U+200D U+1F4A5,â›“ï¸â€ğŸ’¥,,âŠ› broken chain
1358,U+26D3,â›“,,chains
1359,U+1FA9D,ğŸª,,hook
1360,U+1F9F0,ğŸ§°,,toolbox
1361,U+1F9F2,ğŸ§²,,magnet
1362,U+1FA9C,ğŸªœ,,ladder
1363,U+2697,âš—,,alembic
1364,U+1F9EA,ğŸ§ª,,test tube
1365,U+1F9EB,ğŸ§«,,petri dish
1366,U+1F9EC,ğŸ§¬,,dna
1367,U+1F52C,ğŸ”¬,,microscope
1368,U+1F52D,ğŸ”­,,telescope
1369,U+1F4E1,ğŸ“¡,,satellite antenna
1370,U+1F489,ğŸ’‰,,syringe
1371,U+1FA78,ğŸ©¸,,drop of blood
1372,U+1F48A,ğŸ’Š,,pill
1373,U+1FA79,ğŸ©¹,,adhesive bandage
1374,U+1FA7C,ğŸ©¼,,crutch
1375,U+1FA7A,ğŸ©º,,stethoscope
1376,U+1FA7B,ğŸ©»,,x-ray
1377,U+1F6AA,ğŸšª,,door
1378,U+1F6D7,ğŸ›—,,elevator
1379,U+1FA9E,ğŸª,,mirror
1380,U+1FA9F,ğŸªŸ,,window
1381,U+1F6CF,ğŸ›,,bed
1382,U+1F6CB,ğŸ›‹,,couch and lamp
1383,U+1FA91,ğŸª‘,,chair
1384,U+1F6BD,ğŸš½,,toilet
1385,U+1FAA0,ğŸª ,,plunger
1386,U+1F6BF,ğŸš¿,,shower
1387,U+1F6C1,ğŸ›,,bathtub
1388,U+1FAA4,ğŸª¤,,mouse trap
1389,U+1FA92,ğŸª’,,razor
1390,U+1F9F4,ğŸ§´,,lotion bottle
1391,U+1F9F7,ğŸ§·,,safety pin
1392,U+1F9F9,ğŸ§¹,,broom
1393,U+1F9FA,ğŸ§º,,basket
1394,U+1F9FB,ğŸ§»,,roll of paper
1395,U+1FAA3,ğŸª£,,bucket
1396,U+1F9FC,ğŸ§¼,,soap
1397,U+1FAE7,ğŸ«§,,bubbles
1398,U+1FAA5,ğŸª¥,,toothbrush
1399,U+1F9FD,ğŸ§½,,sponge
1400,U+1F9EF,ğŸ§¯,,fire extinguisher
1401,U+1F6D2,ğŸ›’,,shopping cart
1402,U+1F6AC,ğŸš¬,,cigarette
1403,U+26B0,âš°,,coffin
1404,U+1FAA6,ğŸª¦,,headstone
1405,U+26B1,âš±,,funeral urn
1406,U+1F9FF,ğŸ§¿,,nazar amulet
1407,U+1FAAC,ğŸª¬,,hamsa
1408,U+1F5FF,ğŸ—¿,,moai
1409,U+1FAA7,ğŸª§,,placard
1410,U+1FAAA,ğŸªª,,identification card
1411,U+1F3E7,ğŸ§,,ATM sign
1412,U+1F6AE,ğŸš®,,litter in bin sign
1413,U+1F6B0,ğŸš°,,potable water
1414,U+267F,â™¿,,wheelchair symbol
1415,U+1F6B9,ğŸš¹,,menâ€™s room
1416,U+1F6BA,ğŸšº,,womenâ€™s room
1417,U+1F6BB,ğŸš»,,restroom
1418,U+1F6BC,ğŸš¼,,baby symbol
1419,U+1F6BE,ğŸš¾,,water closet
1420,U+1F6C2,ğŸ›‚,,passport control
1421,U+1F6C3,ğŸ›ƒ,,customs
1422,U+1F6C4,ğŸ›„,,baggage claim
1423,U+1F6C5,ğŸ›…,,left luggage
1424,U+26A0,âš ,,warning
1425,U+1F6B8,ğŸš¸,,children crossing
1426,U+26D4,â›”,,no entry
1427,U+1F6AB,ğŸš«,,prohibited
1428,U+1F6B3,ğŸš³,,no bicycles
1429,U+1F6AD,ğŸš­,,no smoking
1430,U+1F6AF,ğŸš¯,,no littering
1431,U+1F6B1,ğŸš±,,non-potable water
1432,U+1F6B7,ğŸš·,,no pedestrians
1433,U+1F4F5,ğŸ“µ,,no mobile phones
1434,U+1F51E,ğŸ”,,no one under eighteen
1435,U+2622,â˜¢,,radioactive
1436,U+2623,â˜£,,biohazard
1437,U+2B06,â¬†,,up arrow
1438,U+2197,â†—,,up-right arrow
1439,U+27A1,â¡,,right arrow
1440,U+2198,â†˜,,down-right arrow
1441,U+2B07,â¬‡,,down arrow
1442,U+2199,â†™,,down-left arrow
1443,U+2B05,â¬…,,left arrow
1444,U+2196,â†–,,up-left arrow
1445,U+2195,â†•,,up-down arrow
1446,U+2194,â†”,,left-right arrow
1447,U+21A9,â†©,,right arrow curving left
1448,U+21AA,â†ª,,left arrow curving right
1449,U+2934,â¤´,,right arrow curving up
1450,U+2935,â¤µ,,right arrow curving down
1451,U+1F503,ğŸ”ƒ,,clockwise vertical arrows
1452,U+1F504,ğŸ”„,,counterclockwise arrows button
1453,U+1F519,ğŸ”™,,BACK arrow
1454,U+1F51A,ğŸ”š,,END arrow
1455,U+1F51B,ğŸ”›,,ON! arrow
1456,U+1F51C,ğŸ”œ,,SOON arrow
1457,U+1F51D,ğŸ”,,TOP arrow
1458,U+1F6D0,ğŸ›,,place of worship
1459,U+269B,âš›,,atom symbol
1460,U+1F549,ğŸ•‰,,om
1461,U+2721,âœ¡,,star of David
1462,U+2638,â˜¸,,wheel of dharma
1463,U+262F,â˜¯,,yin yang
1464,U+271D,âœ,,latin cross
1465,U+2626,â˜¦,,orthodox cross
1466,U+262A,â˜ª,,star and crescent
1467,U+262E,â˜®,,peace symbol
1468,U+1F54E,ğŸ•,,menorah
1469,U+1F52F,ğŸ”¯,,dotted six-pointed star
1470,U+1FAAF,ğŸª¯,,khanda
1471,U+2648,â™ˆ,,Aries
1472,U+2649,â™‰,,Taurus
1473,U+264A,â™Š,,Gemini
1474,U+264B,â™‹,,Cancer
1475,U+264C,â™Œ,,Leo
1476,U+264D,â™,,Virgo
1477,U+264E,â™,,Libra
1478,U+264F,â™,,Scorpio
1479,U+2650,â™,,Sagittarius
1480,U+2651,â™‘,,Capricorn
1481,U+2652,â™’,,Aquarius
1482,U+2653,â™“,,Pisces
1483,U+26CE,â›,,Ophiuchus
1484,U+1F500,ğŸ”€,,shuffle tracks button
1485,U+1F501,ğŸ”,,repeat button
1486,U+1F502,ğŸ”‚,,repeat single button
1487,U+25B6,â–¶,,play button
1488,U+23E9,â©,,fast-forward button
1489,U+23ED,â­,,next track button
1490,U+23EF,â¯,,play or pause button
1491,U+25C0,â—€,,reverse button
1492,U+23EA,âª,,fast reverse button
1493,U+23EE,â®,,last track button
1494,U+1F53C,ğŸ”¼,,upwards button
1495,U+23EB,â«,,fast up button
1496,U+1F53D,ğŸ”½,,downwards button
1497,U+23EC,â¬,,fast down button
1498,U+23F8,â¸,,pause button
1499,U+23F9,â¹,,stop button
1500,U+23FA,âº,,record button
1501,U+23CF,â,,eject button
1502,U+1F3A6,ğŸ¦,,cinema
1503,U+1F505,ğŸ”…,,dim button
1504,U+1F506,ğŸ”†,,bright button
1505,U+1F4F6,ğŸ“¶,,antenna bars
1506,U+1F6DC,ğŸ›œ,,wireless
1507,U+1F4F3,ğŸ“³,,vibration mode
1508,U+1F4F4,ğŸ“´,,mobile phone off
1509,U+2640,â™€,,female sign
1510,U+2642,â™‚,,male sign
1511,U+26A7,âš§,,transgender symbol
1512,U+2716,âœ–,,multiply
1513,U+2795,â•,,plus
1514,U+2796,â–,,minus
1515,U+2797,â—,,divide
1516,U+1F7F0,ğŸŸ°,,heavy equals sign
1517,U+267E,â™¾,,infinity
1518,U+203C,â€¼,,double exclamation mark
1519,U+2049,â‰,,exclamation question mark
1520,U+2753,â“,,red question mark
1521,U+2754,â”,,white question mark
1522,U+2755,â•,,white exclamation mark
1523,U+2757,â—,,red exclamation mark
1524,U+3030,ã€°,,wavy dash
1525,U+1F4B1,ğŸ’±,,currency exchange
1526,U+1F4B2,ğŸ’²,,heavy dollar sign
1527,U+2695,âš•,,medical symbol
1528,U+267B,â™»,,recycling symbol
1529,U+269C,âšœ,,fleur-de-lis
1530,U+1F531,ğŸ”±,,trident emblem
1531,U+1F4DB,ğŸ“›,,name badge
1532,U+1F530,ğŸ”°,,Japanese symbol for beginner
1533,U+2B55,â­•,,hollow red circle
1534,U+2705,âœ…,,check mark button
1535,U+2611,â˜‘,,check box with check
1536,U+2714,âœ”,,check mark
1537,U+274C,âŒ,,cross mark
1538,U+274E,â,,cross mark button
1539,U+27B0,â°,,curly loop
1540,U+27BF,â¿,,double curly loop
1541,U+303D,ã€½,,part alternation mark
1542,U+2733,âœ³,,eight-spoked asterisk
1543,U+2734,âœ´,,eight-pointed star
1544,U+2747,â‡,,sparkle
1545,U+00A9,Â©,,copyright
1546,U+00AE,Â®,,registered
1547,U+2122,â„¢,,trade mark
1548,U+0023 U+FE0F U+20E3,#ï¸âƒ£,,keycap: #
1549,U+002A U+FE0F U+20E3,*ï¸âƒ£,,keycap: *
1550,U+0030 U+FE0F U+20E3,0ï¸âƒ£,,keycap: 0
1551,U+0031 U+FE0F U+20E3,1ï¸âƒ£,,keycap: 1
1552,U+0032 U+FE0F U+20E3,2ï¸âƒ£,,keycap: 2
1553,U+0033 U+FE0F U+20E3,3ï¸âƒ£,,keycap: 3
1554,U+0034 U+FE0F U+20E3,4ï¸âƒ£,,keycap: 4
1555,U+0035 U+FE0F U+20E3,5ï¸âƒ£,,keycap: 5
1556,U+0036 U+FE0F U+20E3,6ï¸âƒ£,,keycap: 6
1557,U+0037 U+FE0F U+20E3,7ï¸âƒ£,,keycap: 7
1558,U+0038 U+FE0F U+20E3,8ï¸âƒ£,,keycap: 8
1559,U+0039 U+FE0F U+20E3,9ï¸âƒ£,,keycap: 9
1560,U+1F51F,ğŸ”Ÿ,,keycap: 10
1561,U+1F520,ğŸ” ,,input latin uppercase
1562,U+1F521,ğŸ”¡,,input latin lowercase
1563,U+1F522,ğŸ”¢,,input numbers
1564,U+1F523,ğŸ”£,,input symbols
1565,U+1F524,ğŸ”¤,,input latin letters
1566,U+1F170,ğŸ…°,,A button (blood type)
1567,U+1F18E,ğŸ†,,AB button (blood type)
1568,U+1F171,ğŸ…±,,B button (blood type)
1569,U+1F191,ğŸ†‘,,CL button
1570,U+1F192,ğŸ†’,,COOL button
1571,U+1F193,ğŸ†“,,FREE button
1572,U+2139,â„¹,,information
1573,U+1F194,ğŸ†”,,ID button
1574,U+24C2,â“‚,,circled M
1575,U+1F195,ğŸ†•,,NEW button
1576,U+1F196,ğŸ†–,,NG button
1577,U+1F17E,ğŸ…¾,,O button (blood type)
1578,U+1F197,ğŸ†—,,OK button
1579,U+1F17F,ğŸ…¿,,P button
1580,U+1F198,ğŸ†˜,,SOS button
1581,U+1F199,ğŸ†™,,UP! button
1582,U+1F19A,ğŸ†š,,VS button
1583,U+1F201,ğŸˆ,,Japanese â€œhereâ€ button
1584,U+1F202,ğŸˆ‚,,Japanese â€œservice chargeâ€ button
1585,U+1F237,ğŸˆ·,,Japanese â€œmonthly amountâ€ button
1586,U+1F236,ğŸˆ¶,,Japanese â€œnot free of chargeâ€ button
1587,U+1F22F,ğŸˆ¯,,Japanese â€œreservedâ€ button
1588,U+1F250,ğŸ‰,,Japanese â€œbargainâ€ button
1589,U+1F239,ğŸˆ¹,,Japanese â€œdiscountâ€ button
1590,U+1F21A,ğŸˆš,,Japanese â€œfree of chargeâ€ button
1591,U+1F232,ğŸˆ²,,Japanese â€œprohibitedâ€ button
1592,U+1F251,ğŸ‰‘,,Japanese â€œacceptableâ€ button
1593,U+1F238,ğŸˆ¸,,Japanese â€œapplicationâ€ button
1594,U+1F234,ğŸˆ´,,Japanese â€œpassing gradeâ€ button
1595,U+1F233,ğŸˆ³,,Japanese â€œvacancyâ€ button
1596,U+3297,ãŠ—,,Japanese â€œcongratulationsâ€ button
1597,U+3299,ãŠ™,,Japanese â€œsecretâ€ button
1598,U+1F23A,ğŸˆº,,Japanese â€œopen for businessâ€ button
1599,U+1F235,ğŸˆµ,,Japanese â€œno vacancyâ€ button
1600,U+1F534,ğŸ”´,,red circle
1601,U+1F7E0,ğŸŸ ,,orange circle
1602,U+1F7E1,ğŸŸ¡,,yellow circle
1603,U+1F7E2,ğŸŸ¢,,green circle
1604,U+1F535,ğŸ”µ,,blue circle
1605,U+1F7E3,ğŸŸ£,,purple circle
1606,U+1F7E4,ğŸŸ¤,,brown circle
1607,U+26AB,âš«,,black circle
1608,U+26AA,âšª,,white circle
1609,U+1F7E5,ğŸŸ¥,,red square
1610,U+1F7E7,ğŸŸ§,,orange square
1611,U+1F7E8,ğŸŸ¨,,yellow square
1612,U+1F7E9,ğŸŸ©,,green square
1613,U+1F7E6,ğŸŸ¦,,blue square
1614,U+1F7EA,ğŸŸª,,purple square
1615,U+1F7EB,ğŸŸ«,,brown square
1616,U+2B1B,â¬›,,black large square
1617,U+2B1C,â¬œ,,white large square
1618,U+25FC,â—¼,,black medium square
1619,U+25FB,â—»,,white medium square
1620,U+25FE,â—¾,,black medium-small square
1621,U+25FD,â—½,,white medium-small square
1622,U+25AA,â–ª,,black small square
1623,U+25AB,â–«,,white small square
1624,U+1F536,ğŸ”¶,,large orange diamond
1625,U+1F537,ğŸ”·,,large blue diamond
1626,U+1F538,ğŸ”¸,,small orange diamond
1627,U+1F539,ğŸ”¹,,small blue diamond
1628,U+1F53A,ğŸ”º,,red triangle pointed up
1629,U+1F53B,ğŸ”»,,red triangle pointed down
1630,U+1F4A0,ğŸ’ ,,diamond with a dot
1631,U+1F518,ğŸ”˜,,radio button
1632,U+1F533,ğŸ”³,,white square button
1633,U+1F532,ğŸ”²,,black square button
1634,U+1F3C1,ğŸ,,chequered flag
1635,U+1F6A9,ğŸš©,,triangular flag
1636,U+1F38C,ğŸŒ,,crossed flags
1637,U+1F3F4,ğŸ´,,black flag
1638,U+1F3F3,ğŸ³,,white flag
1639,U+1F3F3 U+FE0F U+200D U+1F308,ğŸ³ï¸â€ğŸŒˆ,,rainbow flag
1640,U+1F3F3 U+FE0F U+200D U+26A7 U+FE0F,ğŸ³ï¸â€âš§ï¸,,transgender flag
1641,U+1F3F4 U+200D U+2620 U+FE0F,ğŸ´â€â˜ ï¸,,pirate flag
1642,U+1F1E6 U+1F1E8,ğŸ‡¦ğŸ‡¨,,flag: Ascension Island
1643,U+1F1E6 U+1F1E9,ğŸ‡¦ğŸ‡©,,flag: Andorra
1644,U+1F1E6 U+1F1EA,ğŸ‡¦ğŸ‡ª,,flag: United Arab Emirates
1645,U+1F1E6 U+1F1EB,ğŸ‡¦ğŸ‡«,,flag: Afghanistan
1646,U+1F1E6 U+1F1EC,ğŸ‡¦ğŸ‡¬,,flag: Antigua & Barbuda
1647,U+1F1E6 U+1F1EE,ğŸ‡¦ğŸ‡®,,flag: Anguilla
1648,U+1F1E6 U+1F1F1,ğŸ‡¦ğŸ‡±,,flag: Albania
1649,U+1F1E6 U+1F1F2,ğŸ‡¦ğŸ‡²,,flag: Armenia
1650,U+1F1E6 U+1F1F4,ğŸ‡¦ğŸ‡´,,flag: Angola
1651,U+1F1E6 U+1F1F6,ğŸ‡¦ğŸ‡¶,,flag: Antarctica
1652,U+1F1E6 U+1F1F7,ğŸ‡¦ğŸ‡·,,flag: Argentina
1653,U+1F1E6 U+1F1F8,ğŸ‡¦ğŸ‡¸,,flag: American Samoa
1654,U+1F1E6 U+1F1F9,ğŸ‡¦ğŸ‡¹,,flag: Austria
1655,U+1F1E6 U+1F1FA,ğŸ‡¦ğŸ‡º,,flag: Australia
1656,U+1F1E6 U+1F1FC,ğŸ‡¦ğŸ‡¼,,flag: Aruba
1657,U+1F1E6 U+1F1FD,ğŸ‡¦ğŸ‡½,,flag: Ã…land Islands
1658,U+1F1E6 U+1F1FF,ğŸ‡¦ğŸ‡¿,,flag: Azerbaijan
1659,U+1F1E7 U+1F1E6,ğŸ‡§ğŸ‡¦,,flag: Bosnia & Herzegovina
1660,U+1F1E7 U+1F1E7,ğŸ‡§ğŸ‡§,,flag: Barbados
1661,U+1F1E7 U+1F1E9,ğŸ‡§ğŸ‡©,,flag: Bangladesh
1662,U+1F1E7 U+1F1EA,ğŸ‡§ğŸ‡ª,,flag: Belgium
1663,U+1F1E7 U+1F1EB,ğŸ‡§ğŸ‡«,,flag: Burkina Faso
1664,U+1F1E7 U+1F1EC,ğŸ‡§ğŸ‡¬,,flag: Bulgaria
1665,U+1F1E7 U+1F1ED,ğŸ‡§ğŸ‡­,,flag: Bahrain
1666,U+1F1E7 U+1F1EE,ğŸ‡§ğŸ‡®,,flag: Burundi
1667,U+1F1E7 U+1F1EF,ğŸ‡§ğŸ‡¯,,flag: Benin
1668,U+1F1E7 U+1F1F1,ğŸ‡§ğŸ‡±,,flag: St. BarthÃ©lemy
1669,U+1F1E7 U+1F1F2,ğŸ‡§ğŸ‡²,,flag: Bermuda
1670,U+1F1E7 U+1F1F3,ğŸ‡§ğŸ‡³,,flag: Brunei
1671,U+1F1E7 U+1F1F4,ğŸ‡§ğŸ‡´,,flag: Bolivia
1672,U+1F1E7 U+1F1F6,ğŸ‡§ğŸ‡¶,,flag: Caribbean Netherlands
1673,U+1F1E7 U+1F1F7,ğŸ‡§ğŸ‡·,,flag: Brazil
1674,U+1F1E7 U+1F1F8,ğŸ‡§ğŸ‡¸,,flag: Bahamas
1675,U+1F1E7 U+1F1F9,ğŸ‡§ğŸ‡¹,,flag: Bhutan
1676,U+1F1E7 U+1F1FB,ğŸ‡§ğŸ‡»,,flag: Bouvet Island
1677,U+1F1E7 U+1F1FC,ğŸ‡§ğŸ‡¼,,flag: Botswana
1678,U+1F1E7 U+1F1FE,ğŸ‡§ğŸ‡¾,,flag: Belarus
1679,U+1F1E7 U+1F1FF,ğŸ‡§ğŸ‡¿,,flag: Belize
1680,U+1F1E8 U+1F1E6,ğŸ‡¨ğŸ‡¦,,flag: Canada
1681,U+1F1E8 U+1F1E8,ğŸ‡¨ğŸ‡¨,,flag: Cocos (Keeling) Islands
1682,U+1F1E8 U+1F1E9,ğŸ‡¨ğŸ‡©,,flag: Congo - Kinshasa
1683,U+1F1E8 U+1F1EB,ğŸ‡¨ğŸ‡«,,flag: Central African Republic
1684,U+1F1E8 U+1F1EC,ğŸ‡¨ğŸ‡¬,,flag: Congo - Brazzaville
1685,U+1F1E8 U+1F1ED,ğŸ‡¨ğŸ‡­,,flag: Switzerland
1686,U+1F1E8 U+1F1EE,ğŸ‡¨ğŸ‡®,,flag: CÃ´te dâ€™Ivoire
1687,U+1F1E8 U+1F1F0,ğŸ‡¨ğŸ‡°,,flag: Cook Islands
1688,U+1F1E8 U+1F1F1,ğŸ‡¨ğŸ‡±,,flag: Chile
1689,U+1F1E8 U+1F1F2,ğŸ‡¨ğŸ‡²,,flag: Cameroon
1690,U+1F1E8 U+1F1F3,ğŸ‡¨ğŸ‡³,,flag: China
1691,U+1F1E8 U+1F1F4,ğŸ‡¨ğŸ‡´,,flag: Colombia
1692,U+1F1E8 U+1F1F5,ğŸ‡¨ğŸ‡µ,,flag: Clipperton Island
1693,U+1F1E8 U+1F1F7,ğŸ‡¨ğŸ‡·,,flag: Costa Rica
1694,U+1F1E8 U+1F1FA,ğŸ‡¨ğŸ‡º,,flag: Cuba
1695,U+1F1E8 U+1F1FB,ğŸ‡¨ğŸ‡»,,flag: Cape Verde
1696,U+1F1E8 U+1F1FC,ğŸ‡¨ğŸ‡¼,,flag: CuraÃ§ao
1697,U+1F1E8 U+1F1FD,ğŸ‡¨ğŸ‡½,,flag: Christmas Island
1698,U+1F1E8 U+1F1FE,ğŸ‡¨ğŸ‡¾,,flag: Cyprus
1699,U+1F1E8 U+1F1FF,ğŸ‡¨ğŸ‡¿,,flag: Czechia
1700,U+1F1E9 U+1F1EA,ğŸ‡©ğŸ‡ª,,flag: Germany
1701,U+1F1E9 U+1F1EC,ğŸ‡©ğŸ‡¬,,flag: Diego Garcia
1702,U+1F1E9 U+1F1EF,ğŸ‡©ğŸ‡¯,,flag: Djibouti
1703,U+1F1E9 U+1F1F0,ğŸ‡©ğŸ‡°,,flag: Denmark
1704,U+1F1E9 U+1F1F2,ğŸ‡©ğŸ‡²,,flag: Dominica
1705,U+1F1E9 U+1F1F4,ğŸ‡©ğŸ‡´,,flag: Dominican Republic
1706,U+1F1E9 U+1F1FF,ğŸ‡©ğŸ‡¿,,flag: Algeria
1707,U+1F1EA U+1F1E6,ğŸ‡ªğŸ‡¦,,flag: Ceuta & Melilla
1708,U+1F1EA U+1F1E8,ğŸ‡ªğŸ‡¨,,flag: Ecuador
1709,U+1F1EA U+1F1EA,ğŸ‡ªğŸ‡ª,,flag: Estonia
1710,U+1F1EA U+1F1EC,ğŸ‡ªğŸ‡¬,,flag: Egypt
1711,U+1F1EA U+1F1ED,ğŸ‡ªğŸ‡­,,flag: Western Sahara
1712,U+1F1EA U+1F1F7,ğŸ‡ªğŸ‡·,,flag: Eritrea
1713,U+1F1EA U+1F1F8,ğŸ‡ªğŸ‡¸,,flag: Spain
1714,U+1F1EA U+1F1F9,ğŸ‡ªğŸ‡¹,,flag: Ethiopia
1715,U+1F1EA U+1F1FA,ğŸ‡ªğŸ‡º,,flag: European Union
1716,U+1F1EB U+1F1EE,ğŸ‡«ğŸ‡®,,flag: Finland
1717,U+1F1EB U+1F1EF,ğŸ‡«ğŸ‡¯,,flag: Fiji
1718,U+1F1EB U+1F1F0,ğŸ‡«ğŸ‡°,,flag: Falkland Islands
1719,U+1F1EB U+1F1F2,ğŸ‡«ğŸ‡²,,flag: Micronesia
1720,U+1F1EB U+1F1F4,ğŸ‡«ğŸ‡´,,flag: Faroe Islands
1721,U+1F1EB U+1F1F7,ğŸ‡«ğŸ‡·,,flag: France
1722,U+1F1EC U+1F1E6,ğŸ‡¬ğŸ‡¦,,flag: Gabon
1723,U+1F1EC U+1F1E7,ğŸ‡¬ğŸ‡§,,flag: United Kingdom
1724,U+1F1EC U+1F1E9,ğŸ‡¬ğŸ‡©,,flag: Grenada
1725,U+1F1EC U+1F1EA,ğŸ‡¬ğŸ‡ª,,flag: Georgia
1726,U+1F1EC U+1F1EB,ğŸ‡¬ğŸ‡«,,flag: French Guiana
1727,U+1F1EC U+1F1EC,ğŸ‡¬ğŸ‡¬,,flag: Guernsey
1728,U+1F1EC U+1F1ED,ğŸ‡¬ğŸ‡­,,flag: Ghana
1729,U+1F1EC U+1F1EE,ğŸ‡¬ğŸ‡®,,flag: Gibraltar
1730,U+1F1EC U+1F1F1,ğŸ‡¬ğŸ‡±,,flag: Greenland
1731,U+1F1EC U+1F1F2,ğŸ‡¬ğŸ‡²,,flag: Gambia
1732,U+1F1EC U+1F1F3,ğŸ‡¬ğŸ‡³,,flag: Guinea
1733,U+1F1EC U+1F1F5,ğŸ‡¬ğŸ‡µ,,flag: Guadeloupe
1734,U+1F1EC U+1F1F6,ğŸ‡¬ğŸ‡¶,,flag: Equatorial Guinea
1735,U+1F1EC U+1F1F7,ğŸ‡¬ğŸ‡·,,flag: Greece
1736,U+1F1EC U+1F1F8,ğŸ‡¬ğŸ‡¸,,flag: South Georgia & South Sandwich Islands
1737,U+1F1EC U+1F1F9,ğŸ‡¬ğŸ‡¹,,flag: Guatemala
1738,U+1F1EC U+1F1FA,ğŸ‡¬ğŸ‡º,,flag: Guam
1739,U+1F1EC U+1F1FC,ğŸ‡¬ğŸ‡¼,,flag: Guinea-Bissau
1740,U+1F1EC U+1F1FE,ğŸ‡¬ğŸ‡¾,,flag: Guyana
1741,U+1F1ED U+1F1F0,ğŸ‡­ğŸ‡°,,flag: Hong Kong SAR China
1742,U+1F1ED U+1F1F2,ğŸ‡­ğŸ‡²,,flag: Heard & McDonald Islands
1743,U+1F1ED U+1F1F3,ğŸ‡­ğŸ‡³,,flag: Honduras
1744,U+1F1ED U+1F1F7,ğŸ‡­ğŸ‡·,,flag: Croatia
1745,U+1F1ED U+1F1F9,ğŸ‡­ğŸ‡¹,,flag: Haiti
1746,U+1F1ED U+1F1FA,ğŸ‡­ğŸ‡º,,flag: Hungary
1747,U+1F1EE U+1F1E8,ğŸ‡®ğŸ‡¨,,flag: Canary Islands
1748,U+1F1EE U+1F1E9,ğŸ‡®ğŸ‡©,,flag: Indonesia
1749,U+1F1EE U+1F1EA,ğŸ‡®ğŸ‡ª,,flag: Ireland
1750,U+1F1EE U+1F1F1,ğŸ‡®ğŸ‡±,,flag: Israel
1751,U+1F1EE U+1F1F2,ğŸ‡®ğŸ‡²,,flag: Isle of Man
1752,U+1F1EE U+1F1F3,ğŸ‡®ğŸ‡³,,flag: India
1753,U+1F1EE U+1F1F4,ğŸ‡®ğŸ‡´,,flag: British Indian Ocean Territory
1754,U+1F1EE U+1F1F6,ğŸ‡®ğŸ‡¶,,flag: Iraq
1755,U+1F1EE U+1F1F7,ğŸ‡®ğŸ‡·,,flag: Iran
1756,U+1F1EE U+1F1F8,ğŸ‡®ğŸ‡¸,,flag: Iceland
1757,U+1F1EE U+1F1F9,ğŸ‡®ğŸ‡¹,,flag: Italy
1758,U+1F1EF U+1F1EA,ğŸ‡¯ğŸ‡ª,,flag: Jersey
1759,U+1F1EF U+1F1F2,ğŸ‡¯ğŸ‡²,,flag: Jamaica
1760,U+1F1EF U+1F1F4,ğŸ‡¯ğŸ‡´,,flag: Jordan
1761,U+1F1EF U+1F1F5,ğŸ‡¯ğŸ‡µ,,flag: Japan
1762,U+1F1F0 U+1F1EA,ğŸ‡°ğŸ‡ª,,flag: Kenya
1763,U+1F1F0 U+1F1EC,ğŸ‡°ğŸ‡¬,,flag: Kyrgyzstan
1764,U+1F1F0 U+1F1ED,ğŸ‡°ğŸ‡­,,flag: Cambodia
1765,U+1F1F0 U+1F1EE,ğŸ‡°ğŸ‡®,,flag: Kiribati
1766,U+1F1F0 U+1F1F2,ğŸ‡°ğŸ‡²,,flag: Comoros
1767,U+1F1F0 U+1F1F3,ğŸ‡°ğŸ‡³,,flag: St. Kitts & Nevis
1768,U+1F1F0 U+1F1F5,ğŸ‡°ğŸ‡µ,,flag: North Korea
1769,U+1F1F0 U+1F1F7,ğŸ‡°ğŸ‡·,,flag: South Korea
1770,U+1F1F0 U+1F1FC,ğŸ‡°ğŸ‡¼,,flag: Kuwait
1771,U+1F1F0 U+1F1FE,ğŸ‡°ğŸ‡¾,,flag: Cayman Islands
1772,U+1F1F0 U+1F1FF,ğŸ‡°ğŸ‡¿,,flag: Kazakhstan
1773,U+1F1F1 U+1F1E6,ğŸ‡±ğŸ‡¦,,flag: Laos
1774,U+1F1F1 U+1F1E7,ğŸ‡±ğŸ‡§,,flag: Lebanon
1775,U+1F1F1 U+1F1E8,ğŸ‡±ğŸ‡¨,,flag: St. Lucia
1776,U+1F1F1 U+1F1EE,ğŸ‡±ğŸ‡®,,flag: Liechtenstein
1777,U+1F1F1 U+1F1F0,ğŸ‡±ğŸ‡°,,flag: Sri Lanka
1778,U+1F1F1 U+1F1F7,ğŸ‡±ğŸ‡·,,flag: Liberia
1779,U+1F1F1 U+1F1F8,ğŸ‡±ğŸ‡¸,,flag: Lesotho
1780,U+1F1F1 U+1F1F9,ğŸ‡±ğŸ‡¹,,flag: Lithuania
1781,U+1F1F1 U+1F1FA,ğŸ‡±ğŸ‡º,,flag: Luxembourg
1782,U+1F1F1 U+1F1FB,ğŸ‡±ğŸ‡»,,flag: Latvia
1783,U+1F1F1 U+1F1FE,ğŸ‡±ğŸ‡¾,,flag: Libya
1784,U+1F1F2 U+1F1E6,ğŸ‡²ğŸ‡¦,,flag: Morocco
1785,U+1F1F2 U+1F1E8,ğŸ‡²ğŸ‡¨,,flag: Monaco
1786,U+1F1F2 U+1F1E9,ğŸ‡²ğŸ‡©,,flag: Moldova
1787,U+1F1F2 U+1F1EA,ğŸ‡²ğŸ‡ª,,flag: Montenegro
1788,U+1F1F2 U+1F1EB,ğŸ‡²ğŸ‡«,,flag: St. Martin
1789,U+1F1F2 U+1F1EC,ğŸ‡²ğŸ‡¬,,flag: Madagascar
1790,U+1F1F2 U+1F1ED,ğŸ‡²ğŸ‡­,,flag: Marshall Islands
1791,U+1F1F2 U+1F1F0,ğŸ‡²ğŸ‡°,,flag: North Macedonia
1792,U+1F1F2 U+1F1F1,ğŸ‡²ğŸ‡±,,flag: Mali
1793,U+1F1F2 U+1F1F2,ğŸ‡²ğŸ‡²,,flag: Myanmar (Burma)
1794,U+1F1F2 U+1F1F3,ğŸ‡²ğŸ‡³,,flag: Mongolia
1795,U+1F1F2 U+1F1F4,ğŸ‡²ğŸ‡´,,flag: Macao SAR China
1796,U+1F1F2 U+1F1F5,ğŸ‡²ğŸ‡µ,,flag: Northern Mariana Islands
1797,U+1F1F2 U+1F1F6,ğŸ‡²ğŸ‡¶,,flag: Martinique
1798,U+1F1F2 U+1F1F7,ğŸ‡²ğŸ‡·,,flag: Mauritania
1799,U+1F1F2 U+1F1F8,ğŸ‡²ğŸ‡¸,,flag: Montserrat
1800,U+1F1F2 U+1F1F9,ğŸ‡²ğŸ‡¹,,flag: Malta
1801,U+1F1F2 U+1F1FA,ğŸ‡²ğŸ‡º,,flag: Mauritius
1802,U+1F1F2 U+1F1FB,ğŸ‡²ğŸ‡»,,flag: Maldives
1803,U+1F1F2 U+1F1FC,ğŸ‡²ğŸ‡¼,,flag: Malawi
1804,U+1F1F2 U+1F1FD,ğŸ‡²ğŸ‡½,,flag: Mexico
1805,U+1F1F2 U+1F1FE,ğŸ‡²ğŸ‡¾,,flag: Malaysia
1806,U+1F1F2 U+1F1FF,ğŸ‡²ğŸ‡¿,,flag: Mozambique
1807,U+1F1F3 U+1F1E6,ğŸ‡³ğŸ‡¦,,flag: Namibia
1808,U+1F1F3 U+1F1E8,ğŸ‡³ğŸ‡¨,,flag: New Caledonia
1809,U+1F1F3 U+1F1EA,ğŸ‡³ğŸ‡ª,,flag: Niger
1810,U+1F1F3 U+1F1EB,ğŸ‡³ğŸ‡«,,flag: Norfolk Island
1811,U+1F1F3 U+1F1EC,ğŸ‡³ğŸ‡¬,,flag: Nigeria
1812,U+1F1F3 U+1F1EE,ğŸ‡³ğŸ‡®,,flag: Nicaragua
1813,U+1F1F3 U+1F1F1,ğŸ‡³ğŸ‡±,,flag: Netherlands
1814,U+1F1F3 U+1F1F4,ğŸ‡³ğŸ‡´,,flag: Norway
1815,U+1F1F3 U+1F1F5,ğŸ‡³ğŸ‡µ,,flag: Nepal
1816,U+1F1F3 U+1F1F7,ğŸ‡³ğŸ‡·,,flag: Nauru
1817,U+1F1F3 U+1F1FA,ğŸ‡³ğŸ‡º,,flag: Niue
1818,U+1F1F3 U+1F1FF,ğŸ‡³ğŸ‡¿,,flag: New Zealand
1819,U+1F1F4 U+1F1F2,ğŸ‡´ğŸ‡²,,flag: Oman
1820,U+1F1F5 U+1F1E6,ğŸ‡µğŸ‡¦,,flag: Panama
1821,U+1F1F5 U+1F1EA,ğŸ‡µğŸ‡ª,,flag: Peru
1822,U+1F1F5 U+1F1EB,ğŸ‡µğŸ‡«,,flag: French Polynesia
1823,U+1F1F5 U+1F1EC,ğŸ‡µğŸ‡¬,,flag: Papua New Guinea
1824,U+1F1F5 U+1F1ED,ğŸ‡µğŸ‡­,,flag: Philippines
1825,U+1F1F5 U+1F1F0,ğŸ‡µğŸ‡°,,flag: Pakistan
1826,U+1F1F5 U+1F1F1,ğŸ‡µğŸ‡±,,flag: Poland
1827,U+1F1F5 U+1F1F2,ğŸ‡µğŸ‡²,,flag: St. Pierre & Miquelon
1828,U+1F1F5 U+1F1F3,ğŸ‡µğŸ‡³,,flag: Pitcairn Islands
1829,U+1F1F5 U+1F1F7,ğŸ‡µğŸ‡·,,flag: Puerto Rico
1830,U+1F1F5 U+1F1F8,ğŸ‡µğŸ‡¸,,flag: Palestinian Territories
1831,U+1F1F5 U+1F1F9,ğŸ‡µğŸ‡¹,,flag: Portugal
1832,U+1F1F5 U+1F1FC,ğŸ‡µğŸ‡¼,,flag: Palau
1833,U+1F1F5 U+1F1FE,ğŸ‡µğŸ‡¾,,flag: Paraguay
1834,U+1F1F6 U+1F1E6,ğŸ‡¶ğŸ‡¦,,flag: Qatar
1835,U+1F1F7 U+1F1EA,ğŸ‡·ğŸ‡ª,,flag: RÃ©union
1836,U+1F1F7 U+1F1F4,ğŸ‡·ğŸ‡´,,flag: Romania
1837,U+1F1F7 U+1F1F8,ğŸ‡·ğŸ‡¸,,flag: Serbia
1838,U+1F1F7 U+1F1FA,ğŸ‡·ğŸ‡º,,flag: Russia
1839,U+1F1F7 U+1F1FC,ğŸ‡·ğŸ‡¼,,flag: Rwanda
1840,U+1F1F8 U+1F1E6,ğŸ‡¸ğŸ‡¦,,flag: Saudi Arabia
1841,U+1F1F8 U+1F1E7,ğŸ‡¸ğŸ‡§,,flag: Solomon Islands
1842,U+1F1F8 U+1F1E8,ğŸ‡¸ğŸ‡¨,,flag: Seychelles
1843,U+1F1F8 U+1F1E9,ğŸ‡¸ğŸ‡©,,flag: Sudan
1844,U+1F1F8 U+1F1EA,ğŸ‡¸ğŸ‡ª,,flag: Sweden
1845,U+1F1F8 U+1F1EC,ğŸ‡¸ğŸ‡¬,,flag: Singapore
1846,U+1F1F8 U+1F1ED,ğŸ‡¸ğŸ‡­,,flag: St. Helena
1847,U+1F1F8 U+1F1EE,ğŸ‡¸ğŸ‡®,,flag: Slovenia
1848,U+1F1F8 U+1F1EF,ğŸ‡¸ğŸ‡¯,,flag: Svalbard & Jan Mayen
1849,U+1F1F8 U+1F1F0,ğŸ‡¸ğŸ‡°,,flag: Slovakia
1850,U+1F1F8 U+1F1F1,ğŸ‡¸ğŸ‡±,,flag: Sierra Leone
1851,U+1F1F8 U+1F1F2,ğŸ‡¸ğŸ‡²,,flag: San Marino
1852,U+1F1F8 U+1F1F3,ğŸ‡¸ğŸ‡³,,flag: Senegal
1853,U+1F1F8 U+1F1F4,ğŸ‡¸ğŸ‡´,,flag: Somalia
1854,U+1F1F8 U+1F1F7,ğŸ‡¸ğŸ‡·,,flag: Suriname
1855,U+1F1F8 U+1F1F8,ğŸ‡¸ğŸ‡¸,,flag: South Sudan
1856,U+1F1F8 U+1F1F9,ğŸ‡¸ğŸ‡¹,,flag: SÃ£o TomÃ© & PrÃ­ncipe
1857,U+1F1F8 U+1F1FB,ğŸ‡¸ğŸ‡»,,flag: El Salvador
1858,U+1F1F8 U+1F1FD,ğŸ‡¸ğŸ‡½,,flag: Sint Maarten
1859,U+1F1F8 U+1F1FE,ğŸ‡¸ğŸ‡¾,,flag: Syria
1860,U+1F1F8 U+1F1FF,ğŸ‡¸ğŸ‡¿,,flag: Eswatini
1861,U+1F1F9 U+1F1E6,ğŸ‡¹ğŸ‡¦,,flag: Tristan da Cunha
1862,U+1F1F9 U+1F1E8,ğŸ‡¹ğŸ‡¨,,flag: Turks & Caicos Islands
1863,U+1F1F9 U+1F1E9,ğŸ‡¹ğŸ‡©,,flag: Chad
1864,U+1F1F9 U+1F1EB,ğŸ‡¹ğŸ‡«,,flag: French Southern Territories
1865,U+1F1F9 U+1F1EC,ğŸ‡¹ğŸ‡¬,,flag: Togo
1866,U+1F1F9 U+1F1ED,ğŸ‡¹ğŸ‡­,,flag: Thailand
1867,U+1F1F9 U+1F1EF,ğŸ‡¹ğŸ‡¯,,flag: Tajikistan
1868,U+1F1F9 U+1F1F0,ğŸ‡¹ğŸ‡°,,flag: Tokelau
1869,U+1F1F9 U+1F1F1,ğŸ‡¹ğŸ‡±,,flag: Timor-Leste
1870,U+1F1F9 U+1F1F2,ğŸ‡¹ğŸ‡²,,flag: Turkmenistan
1871,U+1F1F9 U+1F1F3,ğŸ‡¹ğŸ‡³,,flag: Tunisia
1872,U+1F1F9 U+1F1F4,ğŸ‡¹ğŸ‡´,,flag: Tonga
1873,U+1F1F9 U+1F1F7,ğŸ‡¹ğŸ‡·,,flag: TÃ¼rkiye
1874,U+1F1F9 U+1F1F9,ğŸ‡¹ğŸ‡¹,,flag: Trinidad & Tobago
1875,U+1F1F9 U+1F1FB,ğŸ‡¹ğŸ‡»,,flag: Tuvalu
1876,U+1F1F9 U+1F1FC,ğŸ‡¹ğŸ‡¼,,flag: Taiwan
1877,U+1F1F9 U+1F1FF,ğŸ‡¹ğŸ‡¿,,flag: Tanzania
1878,U+1F1FA U+1F1E6,ğŸ‡ºğŸ‡¦,,flag: Ukraine
1879,U+1F1FA U+1F1EC,ğŸ‡ºğŸ‡¬,,flag: Uganda
1880,U+1F1FA U+1F1F2,ğŸ‡ºğŸ‡²,,flag: U.S. Outlying Islands
1881,U+1F1FA U+1F1F3,ğŸ‡ºğŸ‡³,,flag: United Nations
1882,U+1F1FA U+1F1F8,ğŸ‡ºğŸ‡¸,,flag: United States
1883,U+1F1FA U+1F1FE,ğŸ‡ºğŸ‡¾,,flag: Uruguay
1884,U+1F1FA U+1F1FF,ğŸ‡ºğŸ‡¿,,flag: Uzbekistan
1885,U+1F1FB U+1F1E6,ğŸ‡»ğŸ‡¦,,flag: Vatican City
1886,U+1F1FB U+1F1E8,ğŸ‡»ğŸ‡¨,,flag: St. Vincent & Grenadines
1887,U+1F1FB U+1F1EA,ğŸ‡»ğŸ‡ª,,flag: Venezuela
1888,U+1F1FB U+1F1EC,ğŸ‡»ğŸ‡¬,,flag: British Virgin Islands
1889,U+1F1FB U+1F1EE,ğŸ‡»ğŸ‡®,,flag: U.S. Virgin Islands
1890,U+1F1FB U+1F1F3,ğŸ‡»ğŸ‡³,,flag: Vietnam
1891,U+1F1FB U+1F1FA,ğŸ‡»ğŸ‡º,,flag: Vanuatu
1892,U+1F1FC U+1F1EB,ğŸ‡¼ğŸ‡«,,flag: Wallis & Futuna
1893,U+1F1FC U+1F1F8,ğŸ‡¼ğŸ‡¸,,flag: Samoa
1894,U+1F1FD U+1F1F0,ğŸ‡½ğŸ‡°,,flag: Kosovo
1895,U+1F1FE U+1F1EA,ğŸ‡¾ğŸ‡ª,,flag: Yemen
1896,U+1F1FE U+1F1F9,ğŸ‡¾ğŸ‡¹,,flag: Mayotte
1897,U+1F1FF U+1F1E6,ğŸ‡¿ğŸ‡¦,,flag: South Africa
1898,U+1F1FF U+1F1F2,ğŸ‡¿ğŸ‡²,,flag: Zambia
1899,U+1F1FF U+1F1FC,ğŸ‡¿ğŸ‡¼,,flag: Zimbabwe
1900,U+1F3F4 U+E0067 U+E0062 U+E0065 U+E006E U+E0067 U+E007F,ğŸ´ó §ó ¢ó ¥ó ®ó §ó ¿,,flag: England
1901,U+1F3F4 U+E0067 U+E0062 U+E0073 U+E0063 U+E0074 U+E007F,ğŸ´ó §ó ¢ó ³ó £ó ´ó ¿,,flag: Scotland
1902,U+1F3F4 U+E0067 U+E0062 U+E0077 U+E006C U+E0073 U+E007F,ğŸ´ó §ó ¢ó ·ó ¬ó ³ó ¿,,flag: Wales
